name,male,frequency_score
太郎,0.925,1.0
大輔,1.0,0.966
裕子,0.008,0.971
陽子,0.009,0.97
直樹,0.991,0.966
智子,0.0,0.967
達也,1.0,0.965
健太,0.991,0.972
恵子,0.0,0.961
哲也,1.0,0.958
由美子,0.011,0.957
洋子,0.029,0.966
久美子,0.0,0.954
真由美,0.012,0.956
和子,0.0,0.957
翔太,1.0,0.957
純子,0.0,0.96
拓也,0.987,0.954
和也,1.0,0.956
美穂,0.0,0.972
直子,0.0,0.948
秀樹,0.986,0.943
あゆみ,0.021,0.967
京子,0.0,0.952
ひとみ,0.013,0.953
健一,1.0,0.965
香織,0.026,0.992
幸子,0.0,0.966
健太郎,0.969,0.943
佐藤,0.646,0.946
優子,0.027,0.951
恵美,0.029,0.947
明子,0.043,0.954
順子,0.016,0.945
由美,0.028,0.952
一郎,0.979,0.972
美香,0.029,0.998
典子,0.0,0.937
直人,0.955,0.951
大地,0.952,0.944
めぐみ,0.0,0.954
大樹,0.971,0.953
明美,0.014,0.956
直美,0.053,0.937
裕美,0.015,0.949
貴子,0.017,0.947
みどり,0.0,0.942
和美,0.14,0.943
悦子,0.0,0.938
雅子,0.0,0.938
真理子,0.0,0.936
大介,0.981,0.937
田中,0.769,0.948
紀子,0.02,0.933
正人,0.963,0.943
恭子,0.078,0.939
雄大,1.0,0.928
愛子,0.0,0.937
玲子,0.017,0.947
かおり,0.017,0.99
美智子,0.0,0.924
まゆみ,0.0,0.935
直也,1.0,0.925
理恵,0.0,0.943
浩一,1.0,0.938
さくら,0.103,0.944
綾子,0.0,0.933
由佳,0.025,0.92
山田,0.717,0.932
大輝,1.0,0.948
祥子,0.119,0.949
浩二,1.0,0.933
貴之,1.0,0.928
和彦,0.977,0.924
佳子,0.0,0.937
知子,0.0,0.925
博之,0.933,0.927
美和,0.07,0.945
みゆき,0.018,0.945
亮太,0.979,0.936
健二,0.979,0.933
尚子,0.0,0.929
恵美子,0.0,0.921
桃子,0.037,0.962
ゆかり,0.052,0.947
祐子,0.048,0.925
由紀子,0.0,0.921
たかし,0.836,0.943
千尋,0.111,0.93
ゆうき,0.818,0.951
真理,0.083,0.947
淳一,1.0,0.92
拓海,0.977,0.927
美咲,0.024,0.963
麻美,0.024,0.923
美樹,0.083,0.934
麻衣,0.025,0.924
純一,0.889,0.928
卓也,1.0,0.921
正樹,1.0,0.919
山本,0.85,0.921
真弓,0.025,0.92
敦子,0.0,0.931
早苗,0.0,0.911
真一,0.949,0.917
ゆき,0.127,0.941
高橋,0.784,0.914
朋子,0.027,0.915
ひろみ,0.029,0.909
和樹,1.0,0.921
はるか,0.012,0.973
智美,0.023,0.928
鈴木,0.641,0.917
雄太,1.0,0.9
明日香,0.03,0.905
千春,0.152,0.905
拓哉,1.0,0.91
小林,0.558,0.971
美奈子,0.0,0.907
陽介,1.0,0.913
桂子,0.073,0.923
智也,1.0,0.918
さやか,0.0,0.927
さおり,0.0,0.908
隼人,1.0,0.912
真紀,0.011,0.957
未来,0.025,0.919
洋介,1.0,0.911
ゆう,0.579,0.917
雅彦,0.969,0.901
英樹,1.0,0.901
雄一,1.0,0.901
さゆり,0.0,0.914
翔平,0.968,0.9
正明,1.0,0.943
幸恵,0.0,0.9
美紀,0.021,0.931
大貴,1.0,0.907
真也,0.969,0.904
太一,0.917,0.928
俊介,0.971,0.906
ひかる,0.389,0.913
彩乃,0.0,0.9
晶子,0.0,0.906
晴美,0.033,0.901
航平,1.0,0.893
ゆみ,0.059,0.908
由香,0.0,0.901
裕也,1.0,0.9
里美,0.0,0.905
淳子,0.0,0.903
勇太,1.0,0.9
祐介,0.972,0.91
マリア,0.019,0.934
ひろ,0.727,0.904
彩香,0.0,0.915
博文,0.938,0.967
康平,0.978,0.923
美月,0.007,0.958
優希,0.448,0.892
ゆうじ,1.0,0.892
優太,1.0,0.885
伸一,1.0,0.888
博子,0.0,0.899
加奈子,0.034,0.894
あきら,0.97,0.903
雅人,1.0,0.896
加藤,0.645,0.898
由紀,0.062,0.906
敬子,0.0,0.885
ひろこ,0.037,0.888
中村,0.636,0.901
健司,1.0,0.91
一樹,0.909,0.9
七海,0.034,0.893
啓子,0.036,0.892
友美,0.026,0.912
竜也,1.0,0.883
伊藤,0.63,0.889
弥生,0.069,0.892
綾香,0.0,0.889
勇人,1.0,0.889
佳奈,0.0,0.891
雅之,0.818,0.906
智之,1.0,0.899
愛美,0.027,0.908
賢一,1.0,0.882
まり,0.0,0.934
裕一,1.0,0.89
真美,0.034,0.893
聖子,0.0,0.89
あすか,0.034,0.892
裕介,1.0,0.887
仁美,0.033,0.894
浩司,1.0,0.894
浩平,0.975,0.914
裕司,1.0,0.886
あや,0.032,0.899
美幸,0.067,0.92
恭平,1.0,0.893
あかり,0.0,0.9
英明,0.947,0.936
春香,0.022,0.949
英子,0.0,0.938
真由,0.0,0.892
はるみ,0.029,0.902
アキラ,1.0,0.9
雅史,1.0,0.883
みき,0.021,0.92
千恵,0.0,0.886
沙織,0.0,0.891
郁子,0.0,0.875
洋一,1.0,0.875
良太,1.0,0.898
秀明,0.447,0.94
たろう,0.958,0.877
道子,0.143,0.889
賢治,0.966,0.894
弘子,0.0,0.877
弘美,0.087,0.873
清美,0.146,0.914
ゆうこ,0.0,0.896
かな,0.098,0.92
裕太,1.0,0.882
カルロス,0.984,0.925
まどか,0.038,0.887
あかね,0.042,0.886
みか,0.056,0.905
杏奈,0.038,0.881
浩之,0.96,0.878
良子,0.029,0.903
竜太,1.0,0.88
篤史,1.0,0.865
菜月,0.0,0.865
宏美,0.111,0.894
雄介,1.0,0.875
雅美,0.057,0.92
久美,0.0,0.889
幸一,0.955,0.867
まい,0.036,0.89
美帆,0.033,0.89
さとみ,0.0,0.874
里奈,0.0,0.874
雅也,0.955,0.872
幸治,1.0,0.865
麻衣子,0.0,0.872
有紀,0.304,0.872
邦彦,0.955,0.868
一輝,0.903,0.892
けん,0.875,0.875
直哉,1.0,0.871
美由紀,0.0,0.863
陽平,1.0,0.882
圭一,1.0,0.863
友子,0.0,0.873
裕之,1.0,0.87
裕樹,1.0,0.866
康子,0.037,0.881
奈々,0.0,0.878
康弘,0.923,0.88
奈央,0.0,0.861
礼子,0.043,0.868
栄子,0.0,0.861
海斗,0.958,0.874
悠太,1.0,0.868
美佳,0.067,0.915
えり,0.0,0.878
祐輔,1.0,0.863
幸男,1.0,0.873
昌子,0.0,0.858
貴志,0.952,0.862
慶子,0.0,0.866
剛志,1.0,0.853
友紀,0.158,0.858
ひろし,0.95,0.865
拓真,1.0,0.862
和代,0.0,0.865
久子,0.0,0.861
修平,0.917,0.895
純平,1.0,0.857
浩子,0.148,0.879
隆太,1.0,0.857
清水,0.778,0.915
ひかり,0.208,0.87
亜希子,0.0,0.867
佐々木,0.76,0.873
俊一,0.939,0.889
絵美,0.0,0.86
なな,0.138,0.882
龍一,1.0,0.877
りょう,0.844,0.887
智哉,1.0,0.859
涼子,0.034,0.882
千秋,0.226,0.889
正博,0.957,0.869
美里,0.062,0.886
理沙,0.0,0.862
隆之,1.0,0.854
あやか,0.0,0.905
修一,1.0,0.854
静香,0.029,0.892
章子,0.0,0.864
雄二,1.0,0.864
かおる,0.286,0.864
律子,0.095,0.86
正和,0.974,0.897
ひろき,0.95,0.856
こうじ,1.0,0.872
賢人,1.0,0.851
一也,1.0,0.863
千鶴,0.043,0.869
けんじ,0.964,0.88
けいこ,0.056,0.851
隆志,1.0,0.873
昌弘,1.0,0.845
和哉,0.955,0.862
たけし,1.0,0.873
成美,0.192,0.877
ゆり,0.115,0.881
亮介,1.0,0.858
なお,0.28,0.872
りん,0.304,0.867
和幸,1.0,0.853
ともみ,0.0,0.881
有希,0.174,0.866
志保,0.1,0.879
祐樹,1.0,0.866
健人,1.0,0.868
圭子,0.0,0.856
真子,0.043,0.862
武志,1.0,0.852
秀幸,1.0,0.847
みなみ,0.048,0.855
真人,1.0,0.867
真司,1.0,0.846
泰子,0.0,0.854
貴大,1.0,0.841
憲一,0.958,0.864
千恵子,0.0,0.841
仁志,1.0,0.885
容子,0.042,0.868
奈津子,0.0,0.853
りか,0.034,0.878
哲平,1.0,0.859
哲郎,1.0,0.844
祐也,1.0,0.839
吉田,0.739,0.867
敏子,0.042,0.864
正美,0.5,0.855
圭吾,1.0,0.847
貴史,1.0,0.838
ゆい,0.0,0.877
将太,1.0,0.843
葉月,0.0,0.854
優美,0.019,0.898
ゆか,0.0,0.854
リン,0.29,0.882
まこと,0.652,0.865
誠一,1.0,0.849
菜々子,0.0,0.841
美優,0.0,0.867
幸雄,1.0,0.849
祐希,0.682,0.855
葉子,0.195,0.888
剛史,1.0,0.84
なつみ,0.0,0.848
莉奈,0.0,0.851
花子,0.19,0.851
光一,0.895,0.843
孝子,0.0,0.847
千夏,0.0,0.843
則子,0.0,0.834
秀和,0.875,0.862
聡子,0.0,0.847
良平,0.936,0.892
悠介,1.0,0.846
和則,1.0,0.831
一成,0.949,0.883
秀一,1.0,0.858
康夫,1.0,0.858
佳代,0.0,0.831
祐司,1.0,0.836
次郎,0.964,0.869
有美,0.0,0.855
真奈美,0.0,0.855
奈緒美,0.0,0.84
涼太,0.864,0.855
真衣,0.0,0.854
小百合,0.0,0.851
優樹,0.909,0.853
隆司,1.0,0.838
あき,0.379,0.87
正幸,1.0,0.828
ゆうた,0.955,0.852
圭介,0.854,0.882
一美,0.333,0.855
康太,1.0,0.837
りな,0.043,0.854
賢二,1.0,0.827
千晶,0.0,0.832
信也,0.944,0.837
栄一,1.0,0.837
瑞穂,0.176,0.832
和男,1.0,0.832
奈美,0.0,0.844
真央,0.176,0.836
信一,1.0,0.871
聖也,1.0,0.831
妙子,0.0,0.831
木村,0.714,0.866
亜美,0.05,0.846
大祐,1.0,0.849
美保,0.0,0.869
美緒,0.087,0.854
慎太郎,1.0,0.828
真奈,0.0,0.837
公一,1.0,0.822
あい,0.143,0.851
拓郎,1.0,0.828
隆一,1.0,0.837
隆史,1.0,0.832
りさ,0.0,0.832
誠也,1.0,0.832
真実,0.211,0.844
清子,0.045,0.849
義人,1.0,0.831
哲夫,0.864,0.849
瑞希,0.182,0.858
あおい,0.269,0.862
裕二,0.947,0.838
和之,0.938,0.825
岡田,0.556,0.834
圭佑,0.913,0.85
大和,1.0,0.866
佳代子,0.0,0.824
直輝,1.0,0.823
加奈,0.0,0.854
佑介,1.0,0.823
啓太,1.0,0.823
文子,0.107,0.859
和弘,1.0,0.832
純也,1.0,0.817
将人,1.0,0.817
龍之介,1.0,0.842
前田,0.867,0.816
真澄,0.19,0.842
あずさ,0.0,0.849
圭祐,1.0,0.816
優香,0.0,0.826
弘樹,1.0,0.844
祐一,1.0,0.837
健吾,1.0,0.825
和久,1.0,0.829
正彦,1.0,0.825
春美,0.057,0.888
利明,0.918,0.875
千里,0.641,0.868
有子,0.0,0.818
伸子,0.0,0.818
和人,1.0,0.847
晴香,0.0,0.828
真吾,1.0,0.839
和田,0.75,0.823
信之,0.95,0.838
幸夫,1.0,0.823
ヒロシ,1.0,0.823
倫子,0.056,0.831
さつき,0.045,0.844
美恵,0.0,0.864
亜紀,0.0,0.826
光子,0.167,0.831
万里子,0.0,0.81
誠司,1.0,0.81
ファビオ,1.0,0.84
正弘,1.0,0.842
ヒロ,0.778,0.836
達哉,0.941,0.825
正志,0.909,0.842
航大,1.0,0.809
理子,0.0,0.832
たか,0.7,0.841
康介,1.0,0.808
修司,1.0,0.824
拓馬,1.0,0.808
順一,1.0,0.823
由貴,0.071,0.807
陽一,1.0,0.818
裕貴,1.0,0.813
祐太,1.0,0.817
雅樹,1.0,0.817
晴彦,1.0,0.812
節子,0.0,0.811
なつき,0.056,0.825
啓介,1.0,0.829
景子,0.0,0.811
なおみ,0.0,0.858
けい,0.778,0.824
信行,1.0,0.827
秀雄,1.0,0.834
みのり,0.067,0.809
隆弘,1.0,0.827
慎一,1.0,0.814
慎一郎,1.0,0.803
周平,1.0,0.818
綾乃,0.0,0.808
彩子,0.0,0.818
英雄,0.967,0.88
正浩,1.0,0.863
俊彦,0.978,0.864
一夫,1.0,0.857
太陽,0.687,0.872
あみ,0.037,0.847
百合子,0.0,0.816
一男,1.0,0.848
美佐子,0.062,0.816
良一,1.0,0.823
たつや,0.941,0.823
貴博,1.0,0.804
ダニエル,1.0,0.858
美鈴,0.0,0.867
秀夫,1.0,0.822
友香,0.0,0.814
えりか,0.0,0.845
奈津美,0.0,0.796
千佳,0.0,0.813
えみ,0.0,0.825
和希,0.875,0.813
真紀子,0.0,0.821
ちひろ,0.038,0.841
たかひろ,1.0,0.813
英治,1.0,0.817
博美,0.267,0.812
竜一,1.0,0.795
和宏,1.0,0.816
克己,1.0,0.826
昌平,0.926,0.841
正道,0.957,0.834
健一郎,1.0,0.801
美津子,0.0,0.811
詩織,0.0,0.811
麻里,0.0,0.815
しのぶ,0.188,0.815
慎也,1.0,0.81
恵理子,0.0,0.8
俊樹,1.0,0.8
くん,0.737,0.827
聡美,0.0,0.805
翔大,1.0,0.793
美奈,0.0,0.853
弘幸,1.0,0.799
みほ,0.05,0.827
勇樹,0.929,0.798
信子,0.133,0.843
ありさ,0.059,0.813
宏明,0.976,0.854
晃一,1.0,0.808
俊輔,1.0,0.797
龍也,1.0,0.812
晴子,0.0,0.819
拓実,1.0,0.79
智恵美,0.0,0.79
あきこ,0.0,0.815
勇介,1.0,0.811
一彦,1.0,0.802
宏樹,0.944,0.815
こうき,0.933,0.802
文夫,1.0,0.789
康博,1.0,0.801
じゅん,0.857,0.823
敏明,0.875,0.832
美希,0.01,0.87
ともこ,0.0,0.808
つよし,0.786,0.799
克彦,0.929,0.798
正一,1.0,0.841
義明,0.968,0.84
貴弘,1.0,0.803
英一,1.0,0.798
尚人,0.909,0.825
弘一,1.0,0.791
こういち,1.0,0.791
直紀,1.0,0.791
玲奈,0.048,0.822
井上,0.538,0.79
佑太,1.0,0.783
由香里,0.0,0.805
もえ,0.143,0.795
雄一郎,1.0,0.782
美恵子,0.0,0.789
友哉,1.0,0.804
有紗,0.0,0.788
たくみ,1.0,0.788
岡本,0.714,0.794
秀行,1.0,0.788
のぞみ,0.0,0.831
勇一,1.0,0.788
省吾,1.0,0.807
みずき,0.231,0.788
ケイ,0.625,0.807
賢太郎,1.0,0.787
理紗,0.0,0.793
将也,0.917,0.78
春菜,0.0,0.793
ひなた,0.174,0.828
孝之,1.0,0.779
正治,0.933,0.806
松本,0.615,0.786
一徳,1.0,0.792
上田,0.706,0.806
駿介,1.0,0.786
洋輔,1.0,0.779
麗奈,0.0,0.779
真樹,0.562,0.805
邦子,0.0,0.785
敏彦,1.0,0.778
菜摘,0.0,0.791
伸也,1.0,0.778
まなみ,0.0,0.796
翔吾,1.0,0.778
彩花,0.0,0.831
謙一,1.0,0.795
陽菜,0.0,0.784
勇輝,1.0,0.813
一雄,0.96,0.825
友和,1.0,0.815
優介,1.0,0.776
徹也,1.0,0.789
邦夫,1.0,0.783
康彦,1.0,0.776
圭太,1.0,0.782
健治,1.0,0.805
一博,0.872,0.839
美子,0.0,0.847
秀美,0.015,0.861
光輝,0.988,0.852
美和子,0.0,0.774
澄子,0.0,0.773
こう,0.857,0.801
孝夫,1.0,0.773
ちえ,0.0,0.804
真一郎,0.909,0.772
和夫,1.0,0.791
寿子,0.0,0.791
圭司,1.0,0.771
橋本,0.667,0.785
優也,1.0,0.771
ひろゆき,1.0,0.785
くみこ,0.0,0.778
正義,0.96,0.848
中島,0.846,0.799
とも,0.667,0.778
寛子,0.0,0.79
和真,0.867,0.794
夏美,0.0,0.805
昌彦,1.0,0.784
慶太,0.933,0.794
まり子,0.091,0.777
靖子,0.0,0.777
隆行,1.0,0.789
春樹,1.0,0.815
耕平,1.0,0.783
龍太郎,1.0,0.777
勝彦,1.0,0.788
美波,0.0,0.788
英之,1.0,0.776
はるな,0.067,0.792
理奈,0.0,0.792
一真,0.786,0.787
中野,0.846,0.791
順也,1.0,0.767
朱美,0.0,0.767
弘之,1.0,0.791
照子,0.0,0.78
かいと,1.0,0.785
和広,1.0,0.766
昌美,0.111,0.801
まゆ,0.0,0.785
朋美,0.0,0.785
茂樹,0.909,0.765
俊哉,1.0,0.784
しょう,0.833,0.8
正子,0.0,0.772
範子,0.0,0.765
幸代,0.077,0.778
秀人,1.0,0.792
英夫,1.0,0.771
美沙,0.0,0.817
明彦,0.867,0.792
秀子,0.0,0.817
つとむ,1.0,0.763
義則,1.0,0.782
隆広,1.0,0.782
拓磨,0.909,0.763
佑樹,1.0,0.77
ケン,0.778,0.81
彩加,0.0,0.77
大雅,0.8,0.786
りお,0.154,0.776
雅弘,0.917,0.77
克也,1.0,0.769
まや,0.069,0.819
ミカ,0.053,0.802
篤志,1.0,0.768
はる,0.438,0.788
佐知子,0.091,0.768
小川,0.812,0.828
一平,0.746,0.83
英俊,0.943,0.838
公子,0.389,0.8
彩華,0.0,0.829
勝利,0.979,0.828
百合,0.078,0.831
美知子,0.0,0.756
宮本,0.533,0.799
浩史,1.0,0.771
伸一郎,1.0,0.756
山崎,0.5,0.792
和馬,1.0,0.755
さとし,1.0,0.776
こずえ,0.0,0.755
かずや,0.909,0.763
大悟,1.0,0.755
幹太,1.0,0.755
友樹,1.0,0.755
勝己,1.0,0.754
瑠美,0.0,0.769
みゆ,0.0,0.775
静子,0.091,0.769
裕美子,0.0,0.769
ハルミ,0.0,0.762
朝子,0.0,0.762
リカルド,1.0,0.807
一弘,1.0,0.783
阿部,0.3,0.753
広美,0.167,0.768
山口,1.0,0.768
まさ,0.9,0.753
真希,0.062,0.829
だいき,0.909,0.761
和輝,0.857,0.799
さき,0.0,0.792
将平,0.917,0.767
いづみ,0.048,0.799
直幸,1.0,0.752
リサ,0.067,0.782
友里,0.0,0.751
青木,0.833,0.766
光司,1.0,0.759
まき,0.0,0.766
隆博,1.0,0.758
大作,1.0,0.765
美代子,0.0,0.765
慎吾,0.941,0.787
エリカ,0.125,0.786
ゆうと,1.0,0.764
シン,0.643,0.786
なおこ,0.0,0.77
琴乃,0.0,0.749
友理,0.0,0.757
真琴,0.294,0.785
真太郎,1.0,0.756
愛実,0.0,0.763
潤一,1.0,0.756
勇気,0.917,0.762
雄也,1.0,0.756
松田,0.769,0.773
賢太,1.0,0.762
クリス,0.59,0.813
隆幸,1.0,0.747
優衣,0.0,0.746
真帆,0.0,0.761
かず,0.909,0.754
光代,0.0,0.746
智史,1.0,0.772
俊夫,1.0,0.776
香代子,0.0,0.754
史子,0.0,0.766
達矢,1.0,0.745
愛理,0.083,0.76
渡辺,0.8,0.745
近藤,0.692,0.766
麗子,0.0,0.779
勝也,1.0,0.745
さとこ,0.0,0.753
海人,1.0,0.778
拓弥,1.0,0.759
まさき,1.0,0.77
孝一,1.0,0.759
あつし,1.0,0.764
真二,1.0,0.752
智恵子,0.0,0.744
美智代,0.0,0.751
里香,0.118,0.78
くるみ,0.091,0.751
健斗,1.0,0.751
ゆきこ,0.0,0.768
まさひろ,1.0,0.758
智恵,0.0,0.763
ひろと,1.0,0.742
しおり,0.0,0.782
亮輔,1.0,0.742
みく,0.067,0.771
晃平,1.0,0.741
夏子,0.0,0.762
マリ,0.0,0.778
さちこ,0.0,0.756
正行,0.933,0.771
光男,1.0,0.777
武史,1.0,0.755
一貴,1.0,0.74
アリ,0.841,0.811
あゆ,0.077,0.761
康之,1.0,0.74
梨沙,0.0,0.755
えりこ,0.0,0.748
貴裕,1.0,0.754
晃大,1.0,0.747
正則,1.0,0.747
佳祐,1.0,0.782
理恵子,0.0,0.747
義彦,1.0,0.747
桜子,0.0,0.759
史郎,1.0,0.747
里子,0.0,0.738
千絵,0.0,0.738
宏之,1.0,0.746
まさみ,0.5,0.753
俊明,0.989,0.821
文雄,1.0,0.82
浩明,0.913,0.815
昌宏,1.0,0.791
英男,0.864,0.788
育子,0.0,0.756
こうへい,1.0,0.734
哲史,1.0,0.733
ラファエル,1.0,0.772
奈保子,0.0,0.742
祐貴,1.0,0.733
里紗,0.0,0.733
雄平,0.95,0.782
和博,1.0,0.741
雅代,0.111,0.741
華子,0.071,0.764
よし,0.818,0.748
ヒロユキ,1.0,0.731
優斗,1.0,0.753
雅一,1.0,0.73
博司,1.0,0.747
美貴,0.0,0.777
昭夫,1.0,0.739
啓之,1.0,0.738
康雄,1.0,0.757
元気,1.0,0.746
知佳,0.182,0.745
恵理,0.0,0.738
博一,1.0,0.768
将史,1.0,0.744
ルイス,0.981,0.804
あけみ,0.0,0.756
慎二,1.0,0.737
涼介,0.941,0.77
祐輝,1.0,0.755
佳織,0.0,0.779
浩幸,1.0,0.727
裕哉,1.0,0.736
真生,0.308,0.754
ユリ,0.167,0.749
祥太,1.0,0.726
よしお,1.0,0.735
パウロ,1.0,0.754
光希,1.0,0.742
武田,0.467,0.768
彰子,0.0,0.735
俊之,1.0,0.726
愛里,0.0,0.735
祐二,1.0,0.734
卓哉,1.0,0.742
多恵子,0.0,0.734
かなえ,0.0,0.741
健介,1.0,0.741
香奈,0.0,0.752
美千代,0.111,0.724
ロドリゴ,1.0,0.771
ガブリエル,0.962,0.783
拓未,1.0,0.724
義弘,1.0,0.74
伸幸,1.0,0.723
惠子,0.0,0.792
里菜,0.0,0.731
遥香,0.0,0.731
知之,0.917,0.745
一馬,1.0,0.745
克哉,1.0,0.722
清志,1.0,0.769
アン,0.444,0.773
平野,0.667,0.731
寛人,1.0,0.721
和明,1.0,0.78
内田,0.6,0.73
隼斗,1.0,0.721
利恵,0.0,0.748
ちはる,0.037,0.78
のり子,0.0,0.72
幸太,1.0,0.729
好美,0.143,0.756
亮平,0.96,0.777
優作,1.0,0.719
泰三,1.0,0.719
ルミ,0.0,0.719
光太郎,1.0,0.747
はな,0.211,0.768
さなえ,0.0,0.728
孝明,1.0,0.771
広大,1.0,0.718
幸一郎,1.0,0.727
あつこ,0.0,0.718
ユキ,0.133,0.757
淑子,0.067,0.753
彩夏,0.0,0.726
遼太郎,1.0,0.717
貴文,0.955,0.77
じゅんこ,0.0,0.717
新一,0.88,0.777
美玲,0.011,0.803
智明,0.965,0.795
武彦,1.0,0.736
泰弘,1.0,0.741
正史,1.0,0.736
光弘,1.0,0.729
麻由,0.0,0.75
浩志,1.0,0.741
加代子,0.0,0.729
暁子,0.0,0.711
中川,0.818,0.735
孝行,1.0,0.735
勇斗,1.0,0.71
順平,0.846,0.773
隆介,1.0,0.72
有加,0.1,0.728
梨紗,0.0,0.71
桃香,0.0,0.751
ミキ,0.091,0.734
利夫,0.9,0.727
すみれ,0.0,0.787
聡一郎,1.0,0.709
飛鳥,0.667,0.739
裕希,0.875,0.719
真知子,0.0,0.718
亜由美,0.071,0.747
ゆみこ,0.0,0.733
直行,1.0,0.718
哲哉,1.0,0.743
朱音,0.0,0.718
瑞生,0.781,0.776
留美子,0.0,0.708
菜央,0.0,0.718
和恵,0.0,0.718
孝司,1.0,0.717
マサヒロ,1.0,0.717
齋藤,0.556,0.717
文彦,0.812,0.754
智裕,0.846,0.741
牧子,0.0,0.731
真依,0.0,0.736
結衣,0.048,0.761
ケンジ,1.0,0.744
寛太,1.0,0.705
大野,0.556,0.715
優里,0.0,0.715
渡邉,0.875,0.704
ホセ,0.98,0.779
拓人,1.0,0.728
アンデルソン,1.0,0.722
由希,0.0,0.734
幸枝,0.0,0.751
リョウ,1.0,0.703
夕貴,0.125,0.703
菜々,0.0,0.733
拓矢,1.0,0.713
今井,0.75,0.72
のりこ,0.0,0.732
パトリシア,0.083,0.737
義雄,1.0,0.777
智彦,1.0,0.712
桃花,0.0,0.766
石原,0.5,0.702
龍二,1.0,0.726
琴美,0.0,0.711
伸治,1.0,0.726
きよみ,0.25,0.701
早紀,0.091,0.731
洋司,1.0,0.711
英司,1.0,0.719
麻子,0.316,0.752
健次,1.0,0.73
正雄,1.0,0.782
ゆうすけ,1.0,0.71
藤田,0.667,0.71
福田,0.806,0.766
大智,1.0,0.758
智行,1.0,0.744
厚子,0.0,0.709
健志,0.952,0.755
彰彦,1.0,0.709
知樹,1.0,0.709
ちあき,0.077,0.734
千明,0.545,0.729
悠希,0.7,0.723
憲司,1.0,0.698
かずき,0.8,0.74
和枝,0.0,0.716
実咲,0.091,0.722
真之介,1.0,0.716
健作,1.0,0.716
政彦,1.0,0.707
大河,1.0,0.732
昭子,0.0,0.715
アレックス,0.935,0.76
博史,1.0,0.707
彩佳,0.0,0.714
ジョージ,1.0,0.726
若菜,0.059,0.746
博久,1.0,0.696
正広,1.0,0.706
敏行,0.857,0.734
ユウキ,1.0,0.705
ユウジ,1.0,0.695
幸司,1.0,0.705
達彦,1.0,0.695
貴司,0.667,0.737
良介,1.0,0.713
直希,0.8,0.712
夏樹,0.455,0.718
奈緒,0.0,0.712
りえ,0.105,0.748
ゆうか,0.0,0.757
美江,0.111,0.743
勇二,1.0,0.693
絵里,0.083,0.723
隆宏,1.0,0.711
石井,0.667,0.703
利幸,1.0,0.711
利之,0.889,0.703
太田,0.875,0.703
川口,0.6,0.71
朱里,0.0,0.692
治子,0.111,0.702
浩美,0.125,0.692
映子,0.0,0.709
久恵,0.0,0.701
みわ,0.125,0.691
公美子,0.0,0.691
義治,1.0,0.701
明弘,1.0,0.736
千代子,0.0,0.701
智一,1.0,0.715
早希,0.0,0.69
友希,0.455,0.72
高志,1.0,0.708
愛梨,0.0,0.732
亜矢子,0.0,0.7
菊池,0.8,0.708
宗一郎,1.0,0.69
るみ,0.0,0.699
大助,0.909,0.714
悠斗,0.917,0.719
斉藤,0.75,0.689
正司,1.0,0.689
マルセロ,1.0,0.723
長谷川,0.75,0.689
真緒,0.0,0.689
ようこ,0.0,0.727
慎介,1.0,0.698
一哉,1.0,0.698
佳美,0.021,0.76
春花,0.045,0.77
智博,0.971,0.755
小野,0.7,0.744
アラン,0.923,0.746
秀平,0.235,0.763
貴明,1.0,0.751
哲司,1.0,0.682
こころ,0.077,0.724
康宏,1.0,0.702
将之,1.0,0.693
耕司,1.0,0.681
宏行,1.0,0.708
敦史,1.0,0.692
あいこ,0.0,0.744
美加,0.062,0.731
理絵,0.0,0.701
たまき,0.25,0.692
俊子,0.0,0.68
麻紀,0.0,0.754
佑輔,1.0,0.68
咲子,0.0,0.68
けいた,0.941,0.733
英二,1.0,0.691
龍彦,1.0,0.691
工藤,0.857,0.691
健児,1.0,0.69
松浦,0.667,0.699
武司,1.0,0.69
莉子,0.0,0.711
松永,0.556,0.698
京香,0.0,0.678
あさみ,0.053,0.734
奈緒子,0.0,0.677
カズ,0.8,0.704
あやこ,0.0,0.71
正輝,1.0,0.741
未央,0.0,0.714
祐哉,1.0,0.688
昭仁,0.952,0.737
杏子,0.037,0.745
清治,0.917,0.714
高木,0.667,0.696
晴菜,0.0,0.676
翔太郎,1.0,0.696
美菜,0.0,0.723
コウジ,1.0,0.695
徳子,0.0,0.686
山下,0.5,0.686
照美,0.0,0.695
竜二,1.0,0.686
まりあ,0.0,0.702
大志,0.96,0.739
ひなの,0.0,0.674
大知,1.0,0.701
真治,1.0,0.694
あやの,0.2,0.701
雄斗,1.0,0.674
雄司,1.0,0.685
さとう,0.25,0.685
勝巳,1.0,0.674
美保子,0.0,0.674
ヘレン,0.25,0.693
幸江,0.0,0.673
好子,0.0,0.673
かえで,0.214,0.718
渡邊,0.857,0.673
きょうこ,0.0,0.721
和雄,1.0,0.706
孝弘,1.0,0.684
浩介,1.0,0.672
富美子,0.0,0.684
和紀,1.0,0.683
のり,0.75,0.683
喜代美,0.0,0.672
照代,0.0,0.672
マイケル,0.962,0.736
ヒロミ,0.143,0.671
有里,0.0,0.671
雄太郎,1.0,0.682
柴田,0.714,0.671
翔也,1.0,0.682
玲央,1.0,0.671
夏帆,0.0,0.729
彩音,0.0,0.716
真里,0.222,0.691
航輝,1.0,0.67
まりこ,0.0,0.708
ルカス,1.0,0.67
雅夫,1.0,0.69
武士,0.917,0.711
愛海,0.0,0.67
陽太,1.0,0.697
千香子,0.0,0.68
泰生,1.0,0.702
芳美,0.1,0.727
光昭,1.0,0.695
涼平,1.0,0.71
菅原,0.5,0.679
ジョニー,1.0,0.716
由利子,0.0,0.695
杉本,0.571,0.679
マリナ,0.0,0.688
幹人,1.0,0.667
慎司,1.0,0.667
翔子,0.0,0.694
真由子,0.111,0.687
慶一,1.0,0.687
明里,0.0,0.7
しゅう,1.0,0.678
亜希,0.0,0.678
博明,0.812,0.717
幹夫,1.0,0.666
えいじ,1.0,0.666
ちえみ,0.0,0.666
雅博,1.0,0.677
翔一,1.0,0.693
和磨,1.0,0.666
エジソン,1.0,0.699
ますみ,0.0,0.677
達郎,1.0,0.685
孝太郎,1.0,0.665
敏一,1.0,0.665
伸彦,1.0,0.676
法子,0.0,0.71
ああ,0.4,0.692
新垣,0.833,0.665
知念,0.625,0.676
怜奈,0.0,0.676
友輔,1.0,0.664
江美,0.0,0.696
啓一,1.0,0.675
つかさ,0.75,0.675
正夫,1.0,0.683
セイジ,1.0,0.674
千晴,0.0,0.705
ヒデキ,1.0,0.663
義和,1.0,0.708
宏和,1.0,0.674
房子,0.0,0.663
真弥,0.5,0.662
圭一郎,1.0,0.674
やま,0.75,0.673
宏子,0.111,0.689
梨奈,0.0,0.681
みのる,0.857,0.661
メイ,0.214,0.709
マルシオ,1.0,0.672
アンドレ,1.0,0.688
敏之,0.5,0.711
里佳,0.0,0.68
琴音,0.056,0.715
つばさ,0.25,0.671
正昭,1.0,0.671
博幸,1.0,0.671
新田,0.778,0.68
晋也,1.0,0.692
泰雄,1.0,0.701
はじめ,0.75,0.671
コウ,0.667,0.659
美紗,0.077,0.704
一仁,1.0,0.696
リカ,0.111,0.679
川上,0.444,0.679
悠太郎,0.875,0.67
広樹,1.0,0.691
舞子,0.0,0.691
遠藤,0.875,0.669
義一,1.0,0.677
亜紀子,0.0,0.668
知美,0.0,0.69
尚樹,1.0,0.657
誠一郎,1.0,0.656
健悟,1.0,0.656
はるき,0.889,0.676
エレナ,0.0,0.704
浩太郎,1.0,0.667
夏海,0.083,0.697
直之,1.0,0.676
寛之,1.0,0.656
茂雄,1.0,0.718
峰子,0.125,0.682
歩美,0.0,0.688
三郎,1.0,0.697
隆子,0.0,0.655
郁夫,1.0,0.655
村上,0.714,0.666
しほ,0.1,0.681
麻里子,0.0,0.654
なおき,1.0,0.654
千穂,0.0,0.654
勝美,0.583,0.696
瑞紀,0.0,0.681
瑞樹,0.857,0.654
浩行,1.0,0.674
しゅん,1.0,0.704
沙羅,0.0,0.665
藤井,0.571,0.653
夕子,0.0,0.68
ゆりな,0.0,0.664
勇也,1.0,0.653
有希子,0.0,0.653
麻未,0.125,0.664
絵理,0.0,0.672
志穂,0.1,0.679
木下,0.444,0.672
孝太,1.0,0.663
優花,0.0,0.689
孝彦,1.0,0.663
賢司,1.0,0.671
ヒカル,0.538,0.692
良明,1.0,0.721
洋二,1.0,0.651
幸正,1.0,0.65
康一,1.0,0.67
武雄,1.0,0.725
博志,1.0,0.695
絵里香,0.0,0.661
洋一郎,1.0,0.65
マユミ,0.0,0.67
裕幸,1.0,0.669
弘毅,0.971,0.727
海翔,1.0,0.713
龍太,0.875,0.666
麗華,0.0,0.732
文香,0.057,0.719
良美,0.273,0.71
まちこ,0.0,0.642
康裕,1.0,0.705
友基,1.0,0.655
由里,0.125,0.664
敏郎,1.0,0.7
由起子,0.0,0.642
貴士,0.875,0.664
俊亮,1.0,0.704
よしみ,0.0,0.641
靖之,0.833,0.686
恭兵,1.0,0.64
やん,0.833,0.64
えり子,0.0,0.64
一喜,1.0,0.663
丈二,1.0,0.653
正男,0.963,0.712
拓朗,1.0,0.653
沙也加,0.143,0.652
松井,0.857,0.652
清一,1.0,0.652
謙吾,1.0,0.639
孝広,1.0,0.652
悠人,1.0,0.639
泰輔,1.0,0.651
しんご,0.846,0.687
啓吾,1.0,0.638
佑哉,1.0,0.638
由希子,0.0,0.638
水野,0.714,0.651
八千代,0.0,0.638
信夫,1.0,0.65
隆夫,1.0,0.637
怜央,0.857,0.65
たくや,1.0,0.695
タカシ,0.636,0.677
政子,0.0,0.636
慎平,1.0,0.636
ヒデアキ,1.0,0.666
裕史,1.0,0.649
俊行,1.0,0.681
朝香,0.143,0.649
裕次郎,1.0,0.636
昭彦,1.0,0.666
安部,0.5,0.635
早織,0.0,0.648
光彦,1.0,0.635
祐太郎,1.0,0.635
るみ子,0.0,0.648
佳苗,0.0,0.679
玲菜,0.0,0.686
登美子,0.167,0.634
きらら,0.0,0.634
よしき,0.815,0.704
明宏,0.973,0.717
琢磨,1.0,0.664
千愛,0.0,0.633
まこ,0.125,0.656
敏幸,0.889,0.663
裕一郎,1.0,0.633
ゆきえ,0.0,0.655
昌代,0.143,0.646
信彦,1.0,0.662
なるみ,0.0,0.662
敦也,1.0,0.632
そら,0.692,0.686
てつや,0.917,0.677
あきひろ,1.0,0.654
ハル,0.667,0.631
知里,0.0,0.631
勇貴,1.0,0.631
優二,1.0,0.631
ケイコ,0.0,0.661
りゅう,0.8,0.63
アンドレア,0.1,0.693
ジョン,1.0,0.708
啓司,1.0,0.643
竜馬,0.889,0.66
まほ,0.0,0.63
ほのか,0.143,0.652
貴美子,0.0,0.652
雅幸,0.75,0.652
秀太,1.0,0.652
真里奈,0.0,0.651
日向,0.5,0.68
百恵,0.0,0.651
浩樹,1.0,0.651
真穂,0.0,0.641
優人,1.0,0.628
浩章,0.917,0.673
恵一,1.0,0.658
たなか,0.625,0.65
わたる,1.0,0.641
史也,1.0,0.64
みさき,0.0,0.687
幸大,1.0,0.627
一将,1.0,0.627
俊郎,1.0,0.683
清隆,1.0,0.681
輝明,0.957,0.693
剛司,0.75,0.649
まさし,1.0,0.626
昌樹,0.875,0.649
航太,1.0,0.626
寛大,1.0,0.626
ゆうや,1.0,0.667
松村,0.889,0.656
誠治,1.0,0.638
ヨウ,0.571,0.638
孝幸,1.0,0.625
とし,1.0,0.647
ともえ,0.0,0.637
幸生,0.556,0.66
志織,0.0,0.624
二郎,1.0,0.675
伸之,1.0,0.637
義久,1.0,0.624
康生,1.0,0.675
マルコス,1.0,0.668
俊治,1.0,0.623
昭雄,1.0,0.685
吉彦,1.0,0.636
アヤ,0.0,0.659
真悟,1.0,0.623
健太朗,1.0,0.635
寛明,1.0,0.622
由布子,0.0,0.652
藤本,0.778,0.652
梨絵,0.0,0.651
幸弘,1.0,0.634
竜太郎,1.0,0.621
紗希,0.0,0.621
有紀子,0.0,0.621
実穂,0.0,0.662
大誠,1.0,0.656
裕文,0.861,0.696
栄治,1.0,0.633
大久保,0.167,0.62
知宏,0.857,0.633
結菜,0.0,0.62
一磨,1.0,0.619
りょうすけ,1.0,0.632
れい,0.083,0.664
睦子,0.0,0.632
ユミ,0.0,0.649
みさと,0.143,0.632
池田,0.571,0.631
カレン,0.158,0.683
エミ,0.0,0.654
昭博,1.0,0.641
幸輝,1.0,0.631
西村,0.833,0.618
しょうた,1.0,0.631
典之,1.0,0.618
大島,0.571,0.63
由依,0.0,0.658
彩美,0.0,0.675
伊織,0.714,0.629
ロベルト,1.0,0.675
くみ,0.111,0.646
秀隆,0.833,0.639
やよい,0.0,0.638
勇希,1.0,0.629
五十嵐,0.667,0.629
佑紀,0.875,0.638
ファン,0.9,0.656
淳平,1.0,0.615
洋行,1.0,0.628
史織,0.0,0.615
夏実,0.0,0.614
敬之,0.929,0.668
まりな,0.0,0.655
江利子,0.0,0.627
弘明,0.818,0.679
拓己,1.0,0.613
ゆりか,0.0,0.67
奈穂,0.0,0.613
和正,1.0,0.643
たける,0.947,0.674
克之,1.0,0.625
北斗,1.0,0.649
宏司,1.0,0.612
梨乃,0.0,0.612
松尾,0.167,0.611
哲雄,1.0,0.665
ももこ,0.0,0.634
ブルーノ,1.0,0.659
みえ,0.0,0.669
るい,0.286,0.623
千賀子,0.0,0.61
郁代,0.0,0.623
伸二,1.0,0.61
きち,0.667,0.61
正洋,0.909,0.676
アイ,0.1,0.646
栄二,1.0,0.61
誠二,1.0,0.622
茉里奈,0.0,0.609
美貴子,0.0,0.631
知也,1.0,0.65
尚也,1.0,0.608
秀之,1.0,0.631
雄貴,1.0,0.621
芳弘,1.0,0.608
俊祐,1.0,0.621
智弘,1.0,0.677
敏夫,1.0,0.63
奈々子,0.0,0.62
一志,1.0,0.648
裕彦,1.0,0.607
美羽,0.083,0.655
マイ,0.25,0.655
とおる,1.0,0.647
泰樹,1.0,0.619
千津子,0.0,0.606
大好き,0.667,0.636
憲治,1.0,0.618
芽生,0.0,0.635
貴宏,1.0,0.635
えお,0.667,0.605
真弘,1.0,0.605
山中,0.5,0.627
大吾,1.0,0.617
治彦,1.0,0.604
藍子,0.0,0.604
やす,1.0,0.617
智香,0.0,0.604
尚美,0.083,0.648
ゆきお,0.875,0.633
光夫,1.0,0.633
良治,1.0,0.603
ちさと,0.0,0.616
沙希,0.0,0.616
耕一,0.875,0.625
瑠奈,0.0,0.615
まな,0.111,0.638
由里子,0.0,0.615
将大,1.0,0.602
拓斗,1.0,0.602
伸行,1.0,0.614
恭輔,0.966,0.673
千葉,0.625,0.623
敬介,1.0,0.601
横山,0.8,0.601
智志,1.0,0.641
弘貴,1.0,0.6
昇平,1.0,0.658
敬祐,1.0,0.613
よしひろ,1.0,0.613
辰雄,1.0,0.6
神谷,0.8,0.6
さとる,1.0,0.63
宏一,1.0,0.644
健史,1.0,0.599
大石,0.846,0.65
麻理,0.0,0.644
裕次,1.0,0.611
敏雄,0.952,0.665
洋美,0.0,0.598
秀治,0.389,0.658
鉄也,1.0,0.62
令子,0.0,0.62
香里,0.0,0.676
佳世,0.0,0.62
ともき,1.0,0.61
幸二,1.0,0.62
雅典,0.75,0.62
清人,1.0,0.61
だいすけ,1.0,0.597
裕人,1.0,0.619
芳樹,1.0,0.645
輝美,0.167,0.609
千代,0.182,0.637
勇治,1.0,0.632
正俊,1.0,0.641
美智恵,0.0,0.596
鈴子,0.0,0.609
万里,0.893,0.673
俊文,0.977,0.679
光明,0.965,0.679
佳音,0.109,0.671
青山,0.944,0.672
大海,0.943,0.675
俊雄,0.995,0.678
大成,1.0,0.671
正芳,0.542,0.663
成志,1.0,0.67
美雪,0.024,0.673
明生,0.982,0.67
一恵,0.0,0.587
浩一郎,1.0,0.587
進一,1.0,0.636
五郎,1.0,0.587
安里,0.5,0.601
雅和,0.667,0.626
ユウスケ,1.0,0.586
りく,1.0,0.601
文哉,1.0,0.601
浩輔,1.0,0.586
実優,0.0,0.611
梨恵,0.0,0.585
周治,0.857,0.611
博行,1.0,0.585
素子,0.0,0.634
幸美,0.0,0.647
昭二,1.0,0.585
啓輔,1.0,0.61
まりえ,0.0,0.599
知輝,1.0,0.584
伸吾,1.0,0.599
友則,1.0,0.584
幸平,0.857,0.61
飯田,0.545,0.633
康成,1.0,0.636
レイコ,0.0,0.599
昂平,1.0,0.599
竜次,1.0,0.583
麻実,0.0,0.609
片山,0.2,0.598
浩三,1.0,0.598
大塚,0.833,0.597
史弥,1.0,0.608
石川,0.833,0.608
沙樹,0.0,0.582
清孝,1.0,0.582
光雄,1.0,0.645
大夢,1.0,0.582
芳彦,1.0,0.597
とし子,0.0,0.581
知明,0.889,0.621
ななみ,0.0,0.634
かつみ,0.571,0.607
英一郎,1.0,0.581
美佐,0.056,0.646
信幸,1.0,0.606
ひろ子,0.0,0.581
孝治,1.0,0.595
幸也,0.8,0.58
まつ,1.0,0.58
優一,1.0,0.595
幹子,0.0,0.58
孝志,1.0,0.579
大喜,0.875,0.613
咲希,0.0,0.613
佐和子,0.0,0.594
悠貴,1.0,0.579
永井,0.25,0.579
愛香,0.0,0.624
理香,0.0,0.604
麻希,0.0,0.659
せいじ,1.0,0.579
セルジオ,1.0,0.64
日向子,0.0,0.578
将行,1.0,0.578
聖人,0.889,0.618
正文,0.933,0.659
いくみ,0.0,0.593
三四郎,1.0,0.577
一久,1.0,0.577
ああああ,1.0,0.592
隆治,1.0,0.602
アカウント,0.6,0.577
ともよ,0.0,0.61
美智,0.048,0.657
タダオ,1.0,0.576
昂大,1.0,0.576
けんたろう,1.0,0.591
晋作,1.0,0.576
政和,1.0,0.634
眞人,1.0,0.576
けいすけ,0.724,0.65
凌大,1.0,0.575
よしえ,0.167,0.59
光恵,0.0,0.575
ナオ,0.333,0.59
有香,0.0,0.627
えいこ,0.0,0.575
周子,0.25,0.608
ゆきな,0.0,0.608
慶悟,1.0,0.574
たかゆき,1.0,0.574
友梨,0.0,0.589
朋花,0.0,0.599
里穂,0.0,0.589
瑞季,0.1,0.619
カン,0.714,0.599
たいき,1.0,0.573
洋史,1.0,0.573
れん,0.8,0.573
尚之,1.0,0.573
ジェシカ,0.0,0.633
優奈,0.0,0.617
圭輔,0.833,0.624
恭介,0.962,0.645
佑亮,1.0,0.587
悠生,1.0,0.572
レオ,0.867,0.631
福島,0.8,0.571
ももか,0.0,0.586
かい,0.7,0.616
グルン,0.5,0.586
彰太,1.0,0.571
和仁,1.0,0.596
敬太,1.0,0.571
めい,0.25,0.61
修也,1.0,0.57
真希子,0.0,0.615
民子,0.0,0.585
みちよ,0.0,0.569
朗子,0.143,0.595
けんた,1.0,0.639
俊幸,1.0,0.584
絵里子,0.0,0.584
珠美,0.0,0.594
瑞枝,0.227,0.639
みつこ,0.0,0.568
よう,0.75,0.602
和貴,0.857,0.594
春佳,0.0,0.583
ナオミ,0.0,0.613
タカヒロ,1.0,0.582
毅彦,1.0,0.582
智紀,1.0,0.567
ヨウコ,0.0,0.582
浩和,0.8,0.612
穂波,0.0,0.567
正敏,0.727,0.615
光晴,1.0,0.566
正太郎,1.0,0.566
雄一朗,1.0,0.581
谷口,0.875,0.599
勝則,1.0,0.566
エル,0.167,0.591
正宏,1.0,0.642
裕喜,0.714,0.591
のん,0.2,0.58
敏江,0.375,0.598
三千代,0.0,0.565
昌之,1.0,0.598
宏二,1.0,0.564
りゅうじ,1.0,0.59
大森,0.8,0.609
古川,0.75,0.598
明広,1.0,0.564
隆明,1.0,0.621
タダシ,1.0,0.563
土井,0.4,0.563
裕大,1.0,0.589
友也,1.0,0.596
タクヤ,1.0,0.562
泰斗,1.0,0.562
千裕,0.5,0.577
三枝子,0.0,0.562
睦美,0.0,0.577
ゆたか,0.8,0.561
芽依,0.0,0.561
あいり,0.067,0.621
伸哉,1.0,0.601
史朗,1.0,0.561
たかこ,0.0,0.576
悠真,0.708,0.632
マリオ,1.0,0.629
貴光,1.0,0.594
サトシ,1.0,0.575
彩菜,0.0,0.575
たつき,0.833,0.575
孝介,1.0,0.56
大翔,1.0,0.615
優貴,0.933,0.619
愛莉,0.0,0.615
義昭,1.0,0.574
一弥,1.0,0.574
サユリ,0.0,0.559
僚太,1.0,0.559
駿平,0.833,0.574
裕香,0.0,0.573
タカ,0.833,0.573
知香,0.0,0.573
北村,0.75,0.558
正徳,1.0,0.558
正之,1.0,0.591
憲一郎,1.0,0.558
まさこ,0.0,0.591
昌史,1.0,0.583
りょ,1.0,0.557
将吾,1.0,0.557
亀井,0.6,0.557
なか,0.6,0.557
サンドラ,0.0,0.617
雄士,1.0,0.557
はら,0.6,0.571
かなた,1.0,0.556
隆太郎,1.0,0.571
義孝,0.875,0.59
りこ,0.0,0.62
中山,0.929,0.629
秀一郎,1.0,0.555
まさと,0.667,0.57
千紘,0.0,0.555
豊和,1.0,0.581
マル,0.6,0.58
悠馬,1.0,0.588
克則,1.0,0.58
麻由美,0.0,0.554
りょうた,0.917,0.606
正利,1.0,0.612
まいこ,0.0,0.554
文代,0.0,0.553
和徳,1.0,0.587
元希,0.857,0.579
美枝,0.0,0.634
田村,0.571,0.579
昭人,1.0,0.553
中田,0.6,0.598
岡崎,1.0,0.553
義男,1.0,0.592
康代,0.0,0.552
和典,1.0,0.552
靖志,1.0,0.577
美也子,0.0,0.552
秀彦,0.556,0.592
マミ,0.0,0.551
よう子,0.0,0.551
千鶴子,0.0,0.551
ゆうり,0.083,0.603
智貴,0.9,0.595
志帆,0.647,0.614
佳奈子,0.0,0.565
ちか,0.0,0.575
尚紀,1.0,0.549
裕紀,0.833,0.564
凌也,1.0,0.549
玉城,0.929,0.607
けい子,0.0,0.549
トモミ,0.0,0.564
紗織,0.0,0.574
奈津希,0.0,0.574
利光,1.0,0.616
明人,1.0,0.588
裕生,0.938,0.61
秀晃,1.0,0.562
ひなこ,0.0,0.573
しんや,1.0,0.592
康徳,1.0,0.547
雪子,0.0,0.586
かすみ,0.0,0.561
やすひろ,1.0,0.546
レイ,0.76,0.618
剛士,1.0,0.579
康史,1.0,0.56
久夫,1.0,0.545
結花,0.0,0.56
かよこ,0.0,0.56
敦士,1.0,0.579
亮二,1.0,0.57
耕太郎,1.0,0.559
莉沙,0.0,0.57
沙季,0.0,0.559
須藤,0.6,0.544
留美,0.0,0.569
もとき,0.8,0.544
則之,1.0,0.559
晃子,0.0,0.569
永遠,1.0,0.592
佳乃,0.0,0.583
哲男,1.0,0.603
芽衣,0.0,0.558
初江,0.0,0.542
佳史,1.0,0.542
順一郎,1.0,0.542
まさゆき,1.0,0.568
龍馬,1.0,0.557
岳史,1.0,0.542
おさむ,1.0,0.541
宏治,1.0,0.567
芙美,0.0,0.541
勝久,1.0,0.541
侑希,0.571,0.567
マコト,0.875,0.575
雄真,1.0,0.574
喜代子,0.0,0.541
明香,0.118,0.604
颯太,1.0,0.54
リュウ,1.0,0.585
恵里,0.0,0.555
修二,1.0,0.566
シルビア,0.0,0.573
明男,1.0,0.588
裕太郎,1.0,0.539
佑佳,0.286,0.565
マーク,1.0,0.607
雅信,0.714,0.565
誠人,1.0,0.553
絢子,0.0,0.553
汐里,0.0,0.538
博人,1.0,0.564
ゆり子,0.0,0.553
いずみ,0.222,0.578
真幸,0.6,0.537
将司,1.0,0.552
由佳子,0.0,0.537
恵輔,1.0,0.537
遼平,1.0,0.586
るな,0.0,0.537
良雄,1.0,0.552
幹雄,1.0,0.57
善彦,1.0,0.536
麻美子,0.0,0.551
果林,0.0,0.551
祐次,0.833,0.551
ペドロ,1.0,0.594
暢子,0.0,0.536
しんじ,1.0,0.535
将貴,1.0,0.561
舞美,0.0,0.561
智春,0.667,0.575
修三,1.0,0.535
英志,1.0,0.6
秀俊,0.9,0.579
里絵,0.0,0.534
道雄,1.0,0.579
義之,0.833,0.549
ひな,0.0,0.589
創太,1.0,0.534
香菜,0.25,0.586
坂上,1.0,0.534
正大,1.0,0.548
としあき,0.8,0.533
裕亮,0.875,0.567
秋山,0.9,0.582
美絵,0.0,0.585
慶吾,1.0,0.548
聖一,1.0,0.558
幸三,1.0,0.547
孝平,0.846,0.587
松崎,0.333,0.547
みお,0.0,0.603
博和,1.0,0.557
髙橋,0.4,0.531
康二,1.0,0.546
明久,0.667,0.571
五月,0.333,0.571
ただし,1.0,0.531
弘行,1.0,0.531
康仁,1.0,0.576
和義,1.0,0.564
謙太,1.0,0.59
みちこ,0.0,0.53
文男,1.0,0.579
勝人,1.0,0.545
香菜子,0.0,0.53
克行,1.0,0.53
眞理子,0.0,0.53
貴洋,1.0,0.53
美喜子,0.0,0.529
テレサ,0.0,0.555
タケシ,1.0,0.529
克子,0.0,0.529
英行,1.0,0.529
博康,1.0,0.574
文乃,0.125,0.562
周二,1.0,0.543
信明,1.0,0.588
幸宏,1.0,0.543
孝博,1.0,0.528
大典,1.0,0.528
清彦,1.0,0.554
英彦,1.0,0.543
政美,0.8,0.528
ヒトシ,1.0,0.543
康晴,0.556,0.567
啓二,1.0,0.527
丸山,0.5,0.542
亮一,1.0,0.542
貴也,1.0,0.553
泰章,1.0,0.553
石田,0.667,0.567
亜矢,0.0,0.527
博昭,0.875,0.56
しんすけ,1.0,0.526
凪沙,0.0,0.526
ヒロキ,0.857,0.552
純一郎,1.0,0.526
恵里子,0.0,0.566
武蔵,1.0,0.551
みちる,0.0,0.54
日登美,0.0,0.525
篤子,0.0,0.54
雅大,1.0,0.525
山内,0.375,0.559
麗美,0.023,0.608
ミン,0.667,0.575
振宇,0.966,0.606
文俊,0.977,0.606
雪峰,0.845,0.604
佳明,0.943,0.603
俊宏,0.967,0.606
俊英,0.464,0.601
智浩,1.0,0.599
雅晴,0.071,0.603
小春,0.467,0.603
尚志,0.963,0.594
大山,0.905,0.599
文芳,0.197,0.602
美華,0.035,0.606
小松,0.815,0.594
一生,0.87,0.591
一洋,0.846,0.581
国雄,0.993,0.604
孝仁,1.0,0.576
昌明,0.983,0.6
蘭子,0.028,0.599
龍生,1.0,0.59
輝雄,1.0,0.592
俊和,1.0,0.59
モニカ,0.0,0.564
悠也,1.0,0.512
春夫,1.0,0.542
ゆうみ,0.0,0.599
弘二,1.0,0.512
ふみや,1.0,0.542
ミユキ,0.0,0.55
慧子,0.071,0.578
由加,0.0,0.511
りゅうや,1.0,0.511
孝男,1.0,0.556
直毅,1.0,0.529
夏鈴,0.0,0.511
恵介,1.0,0.529
重徳,1.0,0.511
和憲,1.0,0.541
よしたか,1.0,0.528
ユリコ,0.0,0.528
智晴,0.5,0.56
優紀,0.0,0.51
孝則,0.833,0.54
ひで,0.833,0.539
かなこ,0.0,0.554
まなぶ,1.0,0.527
アキ,0.222,0.559
敦司,1.0,0.509
孝輔,1.0,0.509
清史,1.0,0.509
直史,1.0,0.527
きよし,1.0,0.538
大西,0.667,0.538
本間,0.6,0.526
くま,0.571,0.547
朋也,1.0,0.572
郁美,0.167,0.553
スミ,0.0,0.508
一寿,1.0,0.507
嘉人,0.8,0.525
れいこ,0.0,0.507
敏男,1.0,0.576
みやこ,0.0,0.507
和晃,1.0,0.525
博己,1.0,0.507
ケンタ,0.889,0.557
百音,0.0,0.507
香穂,0.0,0.571
優芽,0.25,0.506
優菜,0.0,0.524
エリザ,0.0,0.536
まみ,0.0,0.556
カスン,1.0,0.524
後藤,0.75,0.506
辰也,1.0,0.523
静恵,0.0,0.505
深雪,0.0,0.55
麻央,0.0,0.535
重雄,1.0,0.523
忠夫,1.0,0.522
小倉,0.6,0.522
展子,0.0,0.522
博士,1.0,0.549
米子,0.2,0.522
美穂子,0.0,0.522
憲吾,1.0,0.504
圭哉,1.0,0.504
正勝,1.0,0.542
斎藤,0.75,0.503
千聖,0.0,0.503
チョウ,0.75,0.503
陽一郎,1.0,0.521
勝哉,0.75,0.503
まお,0.4,0.521
紗英,0.0,0.503
久代,0.0,0.52
裕昭,1.0,0.52
泰介,1.0,0.52
一之,1.0,0.52
泰久,1.0,0.52
真智子,0.0,0.502
こばやし,0.4,0.52
栞里,0.0,0.502
直生,1.0,0.502
力也,1.0,0.502
太一郎,1.0,0.519
直秀,1.0,0.501
建人,1.0,0.539
日高,1.0,0.551
俊光,1.0,0.579
トシアキ,1.0,0.5
尚輝,1.0,0.538
貴昭,1.0,0.5
悠一郎,1.0,0.517
豊彦,1.0,0.499
アナ,0.111,0.559
カズマ,1.0,0.499
愛弓,0.25,0.499
良祐,1.0,0.498
右京,1.0,0.498
夏季,0.0,0.498
颯馬,1.0,0.498
綾菜,0.0,0.498
絵里奈,0.0,0.515
優季,0.0,0.497
レオナルド,1.0,0.559
幸世,0.0,0.497
ビラル,0.833,0.559
矢野,1.0,0.496
英貴,0.875,0.546
隆二,1.0,0.496
ゆめ,0.25,0.558
千博,0.714,0.534
昇太,1.0,0.495
翔悟,1.0,0.513
松山,0.929,0.559
樋口,1.0,0.495
茂男,1.0,0.495
昌志,1.0,0.54
百花,0.0,0.533
みえこ,0.0,0.539
千華,0.125,0.548
有美子,0.0,0.494
憲太郎,1.0,0.511
欣也,1.0,0.493
愛希,0.25,0.493
春陽,0.8,0.547
悠紀,0.6,0.511
ナツミ,0.0,0.523
タクミ,0.857,0.531
博光,1.0,0.531
賢志,1.0,0.55
龍介,1.0,0.51
あこ,0.25,0.537
坂田,0.2,0.522
海都,1.0,0.51
真梨子,0.0,0.51
あり,0.5,0.531
永田,0.923,0.554
周作,1.0,0.492
トウ,0.6,0.509
たなは,0.6,0.509
龍司,1.0,0.491
美音,0.0,0.57
苑子,0.0,0.491
広宣,1.0,0.491
知己,0.8,0.509
義文,1.0,0.548
たろ,0.75,0.49
理加,0.0,0.49
正恵,0.0,0.49
ヨシオ,1.0,0.49
涼香,0.0,0.52
太樹,1.0,0.49
萌夏,0.0,0.508
カナ,0.0,0.49
里沙,0.0,0.489
萌子,0.0,0.519
優輝,1.0,0.528
美沙紀,0.0,0.507
清高,1.0,0.519
杏実,0.0,0.488
佳穂,0.077,0.55
えりな,0.125,0.533
瑠夏,0.25,0.488
裕治,1.0,0.518
てつ,0.75,0.488
多田,0.4,0.506
道代,0.0,0.487
由加里,0.0,0.487
島田,0.75,0.487
貴仁,1.0,0.544
梶原,0.75,0.487
京介,1.0,0.525
正晃,1.0,0.487
貴英,0.16,0.563
りょうこ,0.0,0.525
幸人,1.0,0.504
淳美,0.0,0.504
邦明,1.0,0.525
憲明,1.0,0.556
宏幸,0.857,0.524
服部,1.0,0.524
淳史,1.0,0.515
正光,1.0,0.563
奈月,0.0,0.502
弘道,1.0,0.529
信雄,1.0,0.557
スミコ,0.0,0.484
篠原,1.0,0.484
昌一,1.0,0.484
光義,1.0,0.522
真史,1.0,0.484
やすこ,0.0,0.483
カルラ,0.167,0.513
敏美,0.0,0.522
けんいち,0.8,0.513
香苗,0.143,0.522
香帆,0.0,0.513
テスト,0.8,0.501
大阪,0.4,0.501
光哉,1.0,0.5
カリン,0.143,0.521
聖司,1.0,0.521
歩実,0.0,0.482
泰一,1.0,0.532
歩夢,1.0,0.482
伸介,1.0,0.482
友亮,0.938,0.549
彩月,0.056,0.551
悟志,0.75,0.481
淳太,1.0,0.481
貴久,1.0,0.499
浩昭,1.0,0.48
あい子,0.0,0.48
中尾,0.75,0.48
瑛子,0.0,0.51
知世,0.0,0.48
マサユキ,1.0,0.479
吉村,0.909,0.539
ナオキ,1.0,0.479
克典,1.0,0.479
良樹,0.737,0.55
日菜子,0.0,0.479
泰宏,1.0,0.551
萩原,1.0,0.497
修治,1.0,0.529
政弘,0.909,0.536
りき,1.0,0.478
孝二,1.0,0.478
孝洋,1.0,0.478
ルシアナ,0.0,0.478
英利,0.8,0.535
慎之介,1.0,0.478
廣子,0.0,0.496
マサフミ,1.0,0.477
頼子,0.0,0.495
詩子,0.0,0.495
石橋,0.8,0.495
佑貴,1.0,0.495
利奈,0.0,0.507
英史,1.0,0.477
秀真,0.067,0.561
正純,0.833,0.506
ここ,0.571,0.521
由梨,0.0,0.506
美枝子,0.0,0.476
百合香,0.0,0.476
理江,0.0,0.493
絵梨,0.0,0.475
礼奈,0.0,0.475
市川,0.6,0.493
賢吾,1.0,0.475
麻緒,0.0,0.475
ふみお,1.0,0.475
こうすけ,1.0,0.505
陽司,1.0,0.475
マサ,1.0,0.475
菜穂子,0.0,0.504
永子,0.0,0.474
貴紀,0.8,0.492
祐治,1.0,0.474
雅紀,0.818,0.531
正晴,1.0,0.492
ジュン,0.667,0.536
真理奈,0.0,0.491
安奈,0.0,0.491
一朗,1.0,0.518
ネルソン,1.0,0.527
ゆうま,0.857,0.55
祐人,1.0,0.473
元樹,1.0,0.473
こば,0.5,0.472
治美,0.0,0.472
きよ,0.6,0.49
朝倉,0.4,0.49
あぶ,1.0,0.49
三和,0.4,0.489
めぐ,0.0,0.489
みやび,0.2,0.501
剛之,1.0,0.489
ジェニー,0.077,0.535
しょうへい,1.0,0.471
はると,1.0,0.501
しん,0.667,0.52
優大,1.0,0.47
宏紀,1.0,0.509
竜生,1.0,0.47
徳彦,1.0,0.47
麻友,0.125,0.515
黒川,0.75,0.47
サントス,0.6,0.499
熊谷,0.75,0.469
勝子,0.0,0.487
アンナ,0.071,0.536
ユミコ,0.0,0.469
玲那,0.0,0.518
吉輝,1.0,0.498
公彦,1.0,0.468
陽香,0.0,0.467
ケイスケ,0.938,0.535
裕基,1.0,0.506
ゆな,0.0,0.485
千恵美,0.0,0.467
なや,0.75,0.485
せな,0.5,0.467
克仁,1.0,0.531
智大,1.0,0.484
雅洋,1.0,0.484
直志,1.0,0.466
たくと,1.0,0.466
理央,0.0,0.466
川田,0.7,0.52
レナ,0.0,0.511
るり子,0.0,0.466
治郎,1.0,0.51
弘和,1.0,0.483
龍雄,1.0,0.504
陸人,1.0,0.504
真季,0.0,0.51
稲葉,0.75,0.465
信二,1.0,0.483
うらら,0.0,0.464
美海,0.0,0.524
ホウ,1.0,0.482
光信,1.0,0.509
章博,1.0,0.494
ユウイチ,1.0,0.464
エディ,0.833,0.502
さち,0.0,0.481
三恵子,0.0,0.463
花音,0.0,0.481
ゆういち,1.0,0.481
ハヤト,0.8,0.481
静江,0.0,0.463
良徳,1.0,0.462
元春,0.6,0.528
トシオ,1.0,0.48
知恵子,0.0,0.462
凌平,1.0,0.5
キン,0.8,0.48
和秀,1.0,0.462
章弘,1.0,0.5
洋祐,1.0,0.461
瑞貴,1.0,0.479
岩田,0.5,0.499
侑樹,1.0,0.461
育也,1.0,0.461
聡一,1.0,0.461
ウィリアン,1.0,0.46
千暁,0.0,0.46
由佳里,0.0,0.46
優佳,0.0,0.478
雅浩,1.0,0.49
隆文,1.0,0.513
多恵,0.0,0.459
駿之介,1.0,0.477
健輔,1.0,0.489
康人,1.0,0.459
陸斗,1.0,0.459
ロナルド,1.0,0.528
充子,0.0,0.458
菜緒,0.0,0.458
和洋,1.0,0.476
章夫,1.0,0.458
せん,0.8,0.476
栄基,1.0,0.458
秀紀,1.0,0.458
カズオ,1.0,0.476
アニタ,0.0,0.487
晋平,0.889,0.507
三浦,0.8,0.475
里枝,0.0,0.496
大策,1.0,0.475
マリ子,0.0,0.475
壮一,1.0,0.456
松下,1.0,0.474
マサト,1.0,0.456
あんな,0.0,0.5
遼太,1.0,0.455
彰洋,1.0,0.473
秀吉,0.583,0.515
さち子,0.0,0.473
正信,1.0,0.499
あいうえお,0.25,0.454
洋佑,1.0,0.472
友彦,1.0,0.472
優治,1.0,0.454
愛佳,0.0,0.492
池上,1.0,0.471
ライ,0.889,0.507
てん,0.6,0.471
富雄,1.0,0.526
貞雄,1.0,0.491
一裕,1.0,0.453
隼平,1.0,0.453
芳雄,0.857,0.491
永野,0.667,0.452
なつ,0.125,0.497
かれん,0.0,0.524
亮佑,1.0,0.452
やすし,0.833,0.482
龍一郎,1.0,0.451
明博,1.0,0.496
秋子,0.0,0.526
大二郎,1.0,0.451
章裕,1.0,0.468
サクラ,0.111,0.5
シゲ,1.0,0.45
紗季,0.0,0.468
和将,1.0,0.468
寛和,1.0,0.449
飯塚,0.8,0.467
良二,1.0,0.467
哲士,1.0,0.479
広志,1.0,0.479
康貴,1.0,0.467
奈実,0.0,0.449
雄基,1.0,0.487
とも子,0.0,0.467
夏希,0.0,0.466
今野,0.333,0.448
広海,1.0,0.448
シュウ,1.0,0.466
俊太郎,1.0,0.448
貞子,0.0,0.505
量子,0.0,0.466
ミゲル,1.0,0.523
彩奈,0.0,0.447
佑香,0.0,0.477
エリック,1.0,0.518
鉄平,1.0,0.447
三上,0.75,0.447
マルコ,0.889,0.504
ゆみえ,0.0,0.446
みな,0.0,0.524
駿佑,1.0,0.464
咲良,0.0,0.446
昌人,1.0,0.464
幸佑,1.0,0.445
初美,0.0,0.475
政行,0.875,0.49
雅章,1.0,0.463
一昭,1.0,0.445
亜耶,0.0,0.463
杏菜,0.0,0.445
紘子,0.0,0.483
アドリアナ,0.0,0.462
チアゴ,1.0,0.462
一孝,1.0,0.444
由季,0.0,0.444
理香子,0.0,0.473
ケイジ,1.0,0.443
セサル,1.0,0.443
博仁,0.981,0.527
宮下,0.25,0.443
理乃,0.0,0.443
俊貴,0.833,0.472
大亮,1.0,0.492
則夫,1.0,0.442
竹内,0.6,0.46
西川,0.857,0.487
藤原,0.778,0.492
美津江,0.0,0.442
わかな,0.0,0.442
福井,0.75,0.442
足立,1.0,0.441
東京,0.833,0.471
野口,0.333,0.471
真未,0.0,0.441
晋一郎,1.0,0.441
ユウ,0.667,0.479
謙治,1.0,0.458
かよ,0.0,0.458
結香,0.0,0.44
みゆう,0.0,0.458
由理,0.0,0.44
遥佳,0.2,0.457
みつき,0.1,0.522
そう,0.8,0.469
すけ,0.25,0.439
そうた,1.0,0.457
しげる,1.0,0.439
匠平,0.8,0.457
まさや,1.0,0.456
春奈,0.0,0.456
勇次,1.0,0.456
諒子,0.0,0.438
光平,0.962,0.515
望美,0.0,0.438
辰徳,1.0,0.438
秀典,1.0,0.438
拓巳,1.0,0.438
もとこ,0.0,0.437
久保,0.5,0.437
祐未,0.0,0.437
和史,1.0,0.437
ふみ,0.333,0.467
純代,0.0,0.455
喜一,1.0,0.437
智樹,1.0,0.437
恭一,1.0,0.437
祐佳,0.0,0.436
マルシア,0.0,0.436
真樹子,0.0,0.481
えみこ,0.0,0.454
道大,1.0,0.453
愛斗,1.0,0.435
翔馬,1.0,0.435
祐里,0.25,0.435
恵梨,0.0,0.453
鈴香,0.0,0.435
夏生,0.571,0.473
佳之,1.0,0.434
佑真,0.778,0.488
ナナ,0.0,0.488
サオリ,0.0,0.434
にゃん,0.5,0.434
潤哉,1.0,0.433
知弥,1.0,0.451
コウキ,1.0,0.433
貴義,1.0,0.433
みぃ,0.0,0.433
大我,1.0,0.433
土屋,0.8,0.451
佳菜子,0.0,0.433
絹子,0.0,0.432
寿紀,1.0,0.432
哲志,0.889,0.482
伸夫,1.0,0.432
まゆこ,0.0,0.432
聖二,1.0,0.432
一希,0.833,0.461
しょうこ,0.0,0.476
史帆,0.0,0.431
亜里沙,0.0,0.481
晃弘,1.0,0.43
邦雄,1.0,0.448
彰宏,1.0,0.43
篤人,1.0,0.43
勝大,1.0,0.43
康祐,1.0,0.46
秀二,1.0,0.429
美空,0.0,0.459
莉穂,0.0,0.447
ちん,0.875,0.474
悠暉,1.0,0.429
ごう,1.0,0.446
悠平,1.0,0.428
公平,1.0,0.428
正也,1.0,0.428
みずほ,0.0,0.428
麗加,0.0,0.457
雅明,0.423,0.502
裕斗,1.0,0.427
幸太郎,1.0,0.457
正照,0.8,0.445
平田,0.714,0.465
孝浩,1.0,0.445
萌絵,0.0,0.427
颯人,1.0,0.444
梨央,0.0,0.456
正裕,1.0,0.48
夢子,0.0,0.456
岳人,0.8,0.444
耕一郎,1.0,0.426
沙也香,0.0,0.443
眞弓,0.0,0.425
善和,1.0,0.443
啓佑,1.0,0.443
政志,1.0,0.443
智代,0.0,0.454
康洋,1.0,0.442
雅則,1.0,0.424
明花,0.0,0.497
憲二,1.0,0.463
君江,0.0,0.442
成人,1.0,0.454
雅貴,1.0,0.424
謙二,0.917,0.484
よしこ,0.0,0.423
ふみ子,0.0,0.441
良輔,1.0,0.462
真哉,1.0,0.423
白石,0.643,0.487
敏治,1.0,0.453
悟史,1.0,0.423
志郎,1.0,0.485
琢也,1.0,0.441
可菜,0.0,0.422
崇之,1.0,0.422
莉歩,0.0,0.422
尾崎,0.5,0.452
裕章,1.0,0.46
泰史,1.0,0.467
信男,1.0,0.486
聖奈,0.0,0.439
正実,1.0,0.421
洋幸,1.0,0.421
寛史,1.0,0.421
武久,1.0,0.421
雅行,1.0,0.439
俊二,0.833,0.451
宗一,1.0,0.451
パメラ,0.0,0.42
雄樹,1.0,0.465
安藤,0.571,0.459
くにこ,0.0,0.438
日出美,0.0,0.42
良典,1.0,0.438
伸浩,1.0,0.42
高義,1.0,0.449
智昭,1.0,0.458
フランシスコ,1.0,0.464
利雄,1.0,0.449
豊久,1.0,0.419
祥平,0.909,0.479
正憲,1.0,0.476
重治,1.0,0.418
克明,1.0,0.498
壮太,1.0,0.418
壮一郎,1.0,0.418
義仁,1.0,0.475
幸喜,0.833,0.448
隆彦,1.0,0.418
嘉一,0.778,0.472
清司,1.0,0.456
達治,1.0,0.417
横田,0.5,0.417
靖幸,1.0,0.417
由貴子,0.0,0.417
怜子,0.0,0.434
綾音,0.0,0.446
貴雄,1.0,0.485
政治,1.0,0.48
広子,0.0,0.434
菜津美,0.0,0.416
結愛,0.0,0.434
啓史,1.0,0.416
信人,1.0,0.416
一誠,1.0,0.48
慎二郎,1.0,0.415
亜衣,0.167,0.445
啓治,1.0,0.433
友之,1.0,0.415
智久,1.0,0.433
眞美,0.0,0.445
公美,0.0,0.433
重樹,1.0,0.414
智宏,0.929,0.496
和司,1.0,0.414
タカノリ,1.0,0.414
康浩,1.0,0.432
進之介,1.0,0.414
むつみ,0.0,0.414
貴俊,1.0,0.414
友浩,0.8,0.431
亮子,0.3,0.467
美晴,0.0,0.483
喜美子,0.0,0.412
あお,0.167,0.442
海平,0.793,0.487
云鹏,0.986,0.486
浩文,0.955,0.488
文明,0.935,0.488
雅楠,0.043,0.483
雅文,0.063,0.487
碧霞,0.0,0.488
文佳,0.605,0.482
嘉浩,0.988,0.486
丽英,0.006,0.487
智文,0.976,0.486
秀敏,0.139,0.485
俊博,1.0,0.478
金城,0.972,0.486
明俊,0.984,0.484
信宏,0.981,0.486
文江,0.917,0.478
希望,0.514,0.48
友明,0.952,0.482
茉莉,0.072,0.484
知行,0.923,0.467
宏志,1.0,0.481
春江,0.85,0.474
英傑,0.991,0.485
敬一,0.909,0.462
政宏,0.987,0.483
光生,1.0,0.456
キム,0.273,0.465
俊輝,0.979,0.481
麗香,0.013,0.48
美紅,0.0,0.479
浩輝,0.966,0.475
文章,0.96,0.48
智華,0.805,0.477
雄輝,1.0,0.471
宇宙,0.854,0.476
浩光,1.0,0.468
愛華,0.04,0.472
智仁,0.98,0.477
ひでお,1.0,0.414
貴彦,1.0,0.414
紗枝,0.0,0.388
アマンダ,0.0,0.424
忠義,1.0,0.471
雄治,1.0,0.424
聖治,1.0,0.388
まきこ,0.0,0.41
義盛,1.0,0.439
ユカ,0.333,0.387
にー,0.667,0.387
成樹,1.0,0.387
いつき,0.25,0.409
晋二,1.0,0.409
忠嗣,1.0,0.422
恵実,0.0,0.409
雄輔,0.857,0.438
窪田,0.0,0.386
智司,1.0,0.386
進也,1.0,0.409
祐生,1.0,0.453
一広,1.0,0.386
憲之,1.0,0.386
有沙,0.0,0.385
あやめ,0.167,0.43
悠作,1.0,0.385
仁子,0.25,0.408
祐大,1.0,0.385
敏文,0.667,0.445
かんな,0.0,0.45
繁男,1.0,0.384
伊津子,0.0,0.384
仁司,1.0,0.384
メリー,0.0,0.406
祐亮,1.0,0.383
真有,0.0,0.419
真佐美,0.0,0.383
正隆,1.0,0.46
高野,0.375,0.439
勝朗,1.0,0.382
りほ,0.0,0.405
一海,1.0,0.433
杏樹,0.2,0.418
シンヤ,1.0,0.381
宏一朗,1.0,0.381
るり,0.0,0.446
昭宏,1.0,0.461
だいご,1.0,0.381
弘志,1.0,0.444
珠実,0.0,0.403
みつる,0.75,0.403
尚宏,0.929,0.453
宣子,0.0,0.38
絵美子,0.25,0.402
義光,1.0,0.436
綾美,0.0,0.402
美南,0.154,0.449
智洋,1.0,0.451
もも,0.077,0.452
美津代,0.0,0.379
泰徳,1.0,0.379
潤子,0.0,0.379
承太郎,0.667,0.379
隼弥,1.0,0.401
英文,0.8,0.461
章太,1.0,0.379
広光,1.0,0.378
ヨシ,0.667,0.378
善昭,1.0,0.378
雄紀,1.0,0.378
英範,1.0,0.378
尚久,1.0,0.378
牧野,1.0,0.429
敬三,1.0,0.413
真里子,0.0,0.4
莉紗,0.0,0.377
宗弘,1.0,0.413
ナオコ,0.0,0.377
謙司,1.0,0.376
あああ,1.0,0.412
美惠,0.005,0.465
翔哉,1.0,0.376
栄人,1.0,0.376
憲子,0.25,0.398
和孝,1.0,0.412
光隆,1.0,0.421
弓子,0.0,0.376
香乃,0.0,0.375
ゆう子,0.0,0.375
汐莉,0.0,0.375
和花,0.0,0.397
藤川,0.75,0.397
タケル,0.7,0.451
隆弥,1.0,0.374
朱莉,0.0,0.434
真夕,0.0,0.374
結子,0.25,0.396
レアンドロ,1.0,0.373
みはる,0.0,0.373
かりな,0.25,0.396
友昭,1.0,0.395
貴幸,1.0,0.395
ゆうせい,1.0,0.395
友章,1.0,0.408
ハビエル,1.0,0.444
りょうか,0.0,0.372
エバ,0.0,0.408
啓太郎,1.0,0.372
清弘,1.0,0.408
好男,1.0,0.417
ジョイ,0.0,0.437
原田,0.5,0.394
吉岡,0.5,0.423
久和,1.0,0.371
吉川,0.714,0.423
小次郎,1.0,0.371
かなと,1.0,0.371
千景,0.0,0.393
としえ,0.0,0.406
アハマド,1.0,0.415
莉菜,0.0,0.392
天音,0.571,0.421
ミルトン,1.0,0.392
森山,0.857,0.421
公二,1.0,0.37
大洋,0.9,0.435
憲史,1.0,0.392
久枝,0.0,0.392
元輝,1.0,0.429
幸彦,0.75,0.391
良司,1.0,0.405
ともひろ,1.0,0.405
佳久,1.0,0.368
あゆむ,0.833,0.413
成史,1.0,0.368
及川,0.667,0.419
知良,1.0,0.367
司郎,1.0,0.367
喜之,1.0,0.367
ロサン,0.75,0.389
重孝,1.0,0.402
慎哉,1.0,0.366
サダオ,1.0,0.366
理惠,0.0,0.428
大星,0.667,0.428
紗苗,0.0,0.365
まりか,0.0,0.365
萌美,0.0,0.365
浩伸,1.0,0.364
詩乃,0.0,0.364
章浩,1.0,0.416
憲彦,1.0,0.364
敏宏,0.909,0.429
真耶,0.333,0.363
宏太,1.0,0.363
朋香,0.0,0.363
関口,0.5,0.386
浜田,1.0,0.385
大士,1.0,0.363
拓歩,1.0,0.363
荒井,1.0,0.362
美季,0.0,0.419
ラズ,0.6,0.398
さえ,0.0,0.362
果歩,0.182,0.427
たみ,0.333,0.362
真麻,0.25,0.384
幸徳,0.667,0.362
コン,1.0,0.413
新人,1.0,0.397
実紅,0.0,0.384
久徳,1.0,0.361
アンジェリカ,0.0,0.417
義博,1.0,0.397
邦生,1.0,0.361
かんた,1.0,0.36
美佳子,0.0,0.36
玲花,0.0,0.405
せいこ,0.0,0.36
博信,1.0,0.405
のあ,0.0,0.396
勝喜,1.0,0.382
あきと,1.0,0.404
美久,0.0,0.404
蒼太,1.0,0.359
由衣,0.0,0.359
サトコ,0.0,0.358
リオ,0.25,0.381
よしの,0.0,0.358
雄亮,1.0,0.418
しょうご,1.0,0.358
ともか,0.0,0.38
大暉,1.0,0.357
りゅういち,1.0,0.393
みあ,0.0,0.357
龍樹,1.0,0.357
美彦,1.0,0.357
希美,0.0,0.408
まさひこ,1.0,0.357
ねこ,0.5,0.426
翔伍,1.0,0.379
郁弥,1.0,0.392
金子,0.263,0.433
賢太朗,1.0,0.356
万理,0.5,0.378
坂本,0.4,0.392
哲生,1.0,0.407
泰彦,1.0,0.356
智士,1.0,0.356
正代,0.333,0.355
知巳,1.0,0.355
ミッシェル,0.0,0.4
みつ,0.75,0.377
生子,0.0,0.354
立花,0.8,0.39
カルメン,0.0,0.39
建司,1.0,0.354
りえ子,0.0,0.354
恭代,0.0,0.354
洋文,1.0,0.399
克幸,1.0,0.353
さかもと,0.667,0.353
かわ,0.25,0.376
龍平,1.0,0.375
隆次,1.0,0.375
たかあき,1.0,0.352
美代,0.053,0.428
岡野,1.0,0.351
典夫,1.0,0.374
崇史,1.0,0.351
拓史,1.0,0.373
昌士,1.0,0.387
トモキ,1.0,0.351
アンジェラ,0.0,0.406
直己,1.0,0.372
伸明,0.857,0.401
園子,0.0,0.386
ぽん,0.5,0.372
風花,0.0,0.372
湧介,1.0,0.372
エライネ,0.0,0.349
敬史,1.0,0.349
早百合,0.0,0.349
潤一郎,1.0,0.349
美夢,0.1,0.412
輝彦,1.0,0.349
黒田,0.333,0.349
土田,0.25,0.371
郁恵,0.0,0.348
海里,0.5,0.371
麟太郎,1.0,0.348
いさむ,1.0,0.348
武夫,1.0,0.393
海渡,1.0,0.347
靖代,0.0,0.347
安雄,1.0,0.399
カオル,0.25,0.37
北川,0.6,0.383
栄司,1.0,0.369
じぇい,0.75,0.369
タチアナ,0.0,0.392
彩希,0.0,0.383
片岡,1.0,0.347
雅嗣,1.0,0.346
裕行,1.0,0.398
寛二,1.0,0.346
夏菜,0.0,0.346
吾郎,1.0,0.368
菜々恵,0.0,0.346
上野,0.571,0.397
あつみ,0.333,0.345
晶一,1.0,0.345
愛奈,0.0,0.345
しゅ,0.75,0.367
ジャン,1.0,0.39
博章,1.0,0.389
基行,1.0,0.367
茂一,1.0,0.344
吉則,1.0,0.344
千佳子,0.0,0.38
淳司,1.0,0.344
義正,1.0,0.4
文吾,1.0,0.343
澄恵,0.0,0.343
愛結,0.0,0.343
あき子,0.0,0.343
貴則,1.0,0.343
珠江,0.0,0.343
ケリー,0.0,0.365
ロシャン,1.0,0.342
勇士,0.917,0.41
平良,0.75,0.364
依子,0.0,0.342
将和,1.0,0.342
ホセイン,1.0,0.342
泰司,1.0,0.377
雪絵,0.0,0.364
さら,0.143,0.413
幸則,1.0,0.341
敏和,1.0,0.363
政紀,1.0,0.34
淑恵,0.0,0.34
一臣,1.0,0.362
タク,0.667,0.34
将弘,1.0,0.339
侑也,1.0,0.339
利彦,1.0,0.339
雅恵,0.0,0.339
一穂,1.0,0.339
重夫,1.0,0.339
モハメド,1.0,0.424
邦昭,1.0,0.361
武瑠,1.0,0.338
かずよし,1.0,0.338
ハルオ,1.0,0.338
エメルソン,1.0,0.338
滉大,1.0,0.337
あやな,0.0,0.337
河本,0.333,0.337
河野,0.75,0.36
はやと,1.0,0.36
卓弥,1.0,0.337
上原,0.4,0.373
レチシア,0.0,0.336
健矢,1.0,0.336
宏典,1.0,0.359
ルシア,0.0,0.336
俊秀,0.594,0.417
よしかず,1.0,0.336
真寿美,0.0,0.336
研治,1.0,0.336
権兵衛,0.667,0.336
航太郎,1.0,0.335
すず,0.25,0.358
宮崎,0.5,0.371
彼方,0.75,0.358
泰行,1.0,0.335
仁史,1.0,0.357
たかひさ,1.0,0.335
和佳子,0.0,0.357
奈央子,0.0,0.334
タナカ,0.333,0.334
ヒデオ,1.0,0.334
クリスチアノ,1.0,0.334
ほなみ,0.0,0.356
隆士,1.0,0.334
秀造,1.0,0.334
祐加,0.0,0.333
みきお,1.0,0.333
元彦,1.0,0.356
まさあき,1.0,0.333
周三,1.0,0.333
ダニ,0.667,0.384
瑞己,1.0,0.333
キャサリン,0.1,0.4
竜之介,1.0,0.333
英人,1.0,0.355
ホルヘ,1.0,0.409
晃世,0.333,0.332
きらり,0.0,0.332
万次郎,1.0,0.332
ジン,0.636,0.399
グスタボ,1.0,0.394
リザ,0.0,0.367
真優美,0.0,0.331
ジョ,0.545,0.396
レオン,1.0,0.33
カツ,0.75,0.353
としひこ,1.0,0.33
はなこ,0.0,0.352
じん,1.0,0.366
カズヨシ,1.0,0.33
雅治,0.667,0.381
雅実,0.333,0.329
昭太,1.0,0.329
哲朗,1.0,0.351
うさぎ,0.5,0.38
要子,0.0,0.351
忠史,1.0,0.328
瑠偉,1.0,0.328
啓志,1.0,0.35
のどか,0.0,0.328
光広,1.0,0.327
あきひこ,0.75,0.35
理穂,0.0,0.327
里咲,0.0,0.327
高司,1.0,0.349
遥奈,0.0,0.349
裕明,0.957,0.405
龍星,0.9,0.389
裕弥,1.0,0.326
あか,0.6,0.382
輝男,1.0,0.348
恵太,1.0,0.326
れお,0.75,0.348
弘光,1.0,0.37
芳幸,1.0,0.325
あな,0.143,0.385
マガル,1.0,0.325
浩大,1.0,0.347
颯斗,1.0,0.325
平川,1.0,0.381
もえか,0.0,0.347
やまだ,1.0,0.325
穂乃香,0.0,0.324
美玖,0.0,0.347
悠輔,1.0,0.324
竜平,1.0,0.347
玲美,0.0,0.397
桃菜,0.0,0.346
英次,1.0,0.324
とものり,1.0,0.324
健三,0.75,0.346
かとう,0.333,0.323
ハジメ,1.0,0.346
晃太郎,1.0,0.323
まち子,0.0,0.323
安男,1.0,0.323
アルビン,1.0,0.345
眞智子,0.0,0.322
勝弘,1.0,0.382
浩次,1.0,0.322
徳治,1.0,0.322
くみ子,0.0,0.322
正典,1.0,0.358
千草,0.0,0.344
アレン,0.667,0.366
雅昭,0.8,0.357
弘文,1.0,0.394
莉佳,0.0,0.357
辰郎,1.0,0.321
健仁,1.0,0.386
祐一郎,1.0,0.32
明雄,0.96,0.405
あずみ,0.0,0.372
モハマド,1.0,0.401
カク,0.8,0.356
龍志,1.0,0.342
千咲,0.0,0.355
ヨシコ,0.0,0.319
晴海,0.1,0.382
正仁,0.947,0.397
聖仁,1.0,0.355
潤平,0.727,0.384
西岡,1.0,0.319
一秀,0.5,0.364
育世,0.0,0.319
慧祐,0.75,0.341
義典,1.0,0.354
義春,1.0,0.318
ママ,0.25,0.354
善規,1.0,0.318
あやね,0.0,0.317
武治,1.0,0.34
たかふみ,1.0,0.317
まさかず,1.0,0.317
佳歩,0.0,0.317
美弥子,0.0,0.317
匡宏,1.0,0.339
里志,1.0,0.339
ムーン,0.571,0.368
太朗,1.0,0.361
誠太,1.0,0.316
耕輔,1.0,0.352
智佳,0.429,0.367
恵三,1.0,0.316
高田,0.6,0.351
果穂,0.0,0.397
泉美,0.2,0.351
雅仁,1.0,0.375
結城,0.714,0.366
菜々実,0.0,0.315
萌恵,0.0,0.315
竹男,1.0,0.315
立彦,1.0,0.314
泰平,1.0,0.366
淳一郎,1.0,0.314
赤星,1.0,0.314
麻里奈,0.0,0.314
イバン,1.0,0.37
光洋,1.0,0.314
桃佳,0.0,0.314
尚哉,1.0,0.313
比嘉,0.667,0.313
江里子,0.0,0.336
泰夫,1.0,0.313
晃太朗,1.0,0.313
えみり,0.0,0.358
大司,1.0,0.313
社長,0.818,0.378
新吾,1.0,0.348
耕作,1.0,0.335
京都,0.5,0.334
香奈子,0.0,0.312
タロウ,0.75,0.334
紅美,0.0,0.347
公男,1.0,0.311
フェルナンド,1.0,0.39
亮次,1.0,0.311
栄作,1.0,0.31
一人,0.833,0.378
浩二郎,1.0,0.31
ゆうだい,1.0,0.31
ピーター,1.0,0.355
政昭,1.0,0.31
英哲,1.0,0.391
孝正,1.0,0.345
寿江,0.0,0.309
忠弘,1.0,0.309
隼也,1.0,0.331
花菜,0.333,0.354
和重,0.75,0.331
カマル,1.0,0.353
信博,1.0,0.365
亜弓,0.0,0.308
道生,1.0,0.384
安達,0.778,0.371
恒夫,1.0,0.308
宏彰,1.0,0.373
康隆,0.833,0.353
アヤコ,0.0,0.307
仁宏,1.0,0.386
スケ,1.0,0.343
勇作,1.0,0.307
綾花,0.0,0.307
正春,0.667,0.374
庸子,0.0,0.306
友秀,1.0,0.306
貴哉,1.0,0.328
康至,1.0,0.305
春子,0.059,0.381
大井,0.667,0.305
堀江,0.5,0.327
正悟,1.0,0.305
祐実,0.0,0.305
勝寿,1.0,0.305
一宏,0.75,0.327
一浩,1.0,0.327
ひろえ,0.0,0.304
関根,0.5,0.327
光宏,1.0,0.375
清重,1.0,0.304
泰恵,0.0,0.304
智則,1.0,0.303
直弥,1.0,0.303
真輝,0.833,0.348
賢哉,1.0,0.303
昌雄,1.0,0.348
じゅり,0.0,0.325
和利,1.0,0.368
義次,1.0,0.302
莉緒,0.0,0.302
秀彰,1.0,0.338
理貴,1.0,0.302
三恵,0.0,0.302
和己,1.0,0.301
君枝,0.0,0.301
美登利,0.0,0.301
美明,0.417,0.37
清久,1.0,0.3
敏央,1.0,0.3
シル,0.0,0.3
静枝,0.0,0.323
主税,1.0,0.3
雅広,0.667,0.3
美乃,0.0,0.356
隆大,1.0,0.322
恵佑,1.0,0.299
ナイン,1.0,0.322
カンデル,1.0,0.299
峻輔,1.0,0.322
利則,1.0,0.299
俊太,1.0,0.299
敬二,1.0,0.299
忠彦,1.0,0.298
省三,1.0,0.343
星奈,0.0,0.321
久栄,0.0,0.298
なた,0.667,0.32
正基,1.0,0.343
奈々美,0.0,0.32
麻弥,0.333,0.297
花奈,0.0,0.297
栄一郎,1.0,0.297
ケビン,1.0,0.369
雅司,1.0,0.297
宏章,1.0,0.36
泰成,1.0,0.37
茉由,0.0,0.297
パパ,1.0,0.332
ミツヒロ,1.0,0.296
勝史,1.0,0.296
ローズ,0.375,0.356
ヒトミ,0.0,0.296
マサノリ,1.0,0.296
正好,1.0,0.332
みさ,0.143,0.358
萌実,0.0,0.295
恵理香,0.0,0.295
良信,1.0,0.355
紗彩,0.0,0.295
裕志,1.0,0.295
秀男,0.875,0.351
マテウス,0.833,0.34
ゆん,0.0,0.294
わか,0.0,0.294
萌花,0.0,0.339
マサオ,1.0,0.294
幸紀,1.0,0.294
マリアン,0.0,0.339
知幸,1.0,0.294
安生,0.75,0.368
弘晃,1.0,0.316
義貴,1.0,0.338
貴美,0.0,0.372
麻理子,0.0,0.293
勝男,0.714,0.363
ミキオ,0.5,0.292
竜大,1.0,0.292
光世,0.714,0.343
ブルー,0.667,0.337
宏弥,1.0,0.292
廣瀬,0.667,0.291
眞理,0.0,0.314
英嗣,1.0,0.291
中嶋,0.75,0.313
昌則,1.0,0.291
江口,0.667,0.291
よしだ,0.667,0.291
みなこ,0.0,0.313
大関,0.667,0.29
豪太,1.0,0.289
ちゃ,0.6,0.334
大槻,0.667,0.289
健也,1.0,0.289
ジャスミン,0.0,0.34
英世,0.667,0.289
彰吾,1.0,0.289
安夫,1.0,0.289
麻奈美,0.0,0.289
麻耶,0.0,0.324
嘉彦,0.667,0.34
曜子,0.0,0.288
扶美子,0.0,0.288
光正,1.0,0.363
ミチエ,0.0,0.287
彩里,0.0,0.287
龍大,1.0,0.287
良史,1.0,0.287
竜治,1.0,0.287
フェリペ,1.0,0.347
和信,1.0,0.309
万里菜,0.0,0.287
双葉,0.0,0.309
一大,1.0,0.309
有華,0.733,0.358
和成,1.0,0.357
義夫,1.0,0.286
尚武,1.0,0.357
今日子,0.0,0.286
美香子,0.0,0.308
笑子,0.25,0.308
佑弥,1.0,0.285
尚貴,1.0,0.307
利和,1.0,0.336
ユキコ,0.0,0.307
愛花,0.0,0.307
光紗,0.0,0.307
茂貴,1.0,0.284
貴央,1.0,0.284
ルナ,0.25,0.306
将輝,1.0,0.306
れいな,0.0,0.365
新也,1.0,0.306
咲季,0.0,0.306
村田,0.5,0.319
タケオ,1.0,0.305
柊斗,1.0,0.283
優羽,0.0,0.283
凪紗,0.0,0.283
のりゆき,1.0,0.282
ウィルソン,1.0,0.333
エリキ,1.0,0.282
明伸,1.0,0.304
寿明,1.0,0.318
一正,0.947,0.358
俊一郎,1.0,0.318
シュン,1.0,0.333
大希,0.75,0.304
穂高,1.0,0.281
成寿,1.0,0.303
卓巳,1.0,0.281
れな,0.0,0.361
優華,0.0,0.317
千香,0.0,0.281
萌乃,0.0,0.28
ひとし,1.0,0.28
直道,1.0,0.28
駿太郎,1.0,0.28
美桜,0.0,0.331
杏里,0.03,0.361
村山,0.333,0.28
サム,0.9,0.342
アレシャンドレ,1.0,0.279
聖矢,1.0,0.279
こはる,0.0,0.344
コウイチ,1.0,0.279
汐音,0.0,0.301
たかのり,1.0,0.338
かずみ,0.6,0.314
義樹,0.824,0.352
美澄,0.167,0.323
麻由佳,0.0,0.301
真貴子,0.0,0.323
康志,1.0,0.3
すみこ,0.25,0.3
英敏,0.692,0.346
松岡,0.667,0.277
尚史,1.0,0.299
和生,1.0,0.353
花梨,0.0,0.299
めろ,0.5,0.299
カリナ,0.0,0.299
史明,1.0,0.299
カズキ,0.75,0.332
英幸,1.0,0.299
浩貴,1.0,0.298
レイナ,0.333,0.276
由子,0.0,0.312
たん,0.167,0.32
さと,0.333,0.275
浩毅,1.0,0.338
卓治,1.0,0.275
ヒロアキ,0.8,0.347
未奈,0.0,0.326
はま,0.75,0.31
裕士,1.0,0.274
時子,0.0,0.297
諒也,1.0,0.274
タマン,0.667,0.274
ムラ,1.0,0.273
柳田,0.6,0.309
瑠花,0.0,0.273
英隆,1.0,0.329
初子,0.25,0.295
泰人,1.0,0.273
コウスケ,1.0,0.273
桂介,1.0,0.272
隆盛,1.0,0.323
篤司,1.0,0.272
美輝,0.0,0.339
将希,1.0,0.271
政樹,1.0,0.294
幸助,1.0,0.271
勇太郎,1.0,0.271
由香子,0.0,0.293
昇吾,1.0,0.271
大空,1.0,0.271
洋太,1.0,0.293
すずき,0.0,0.293
勝行,1.0,0.292
久仁子,0.0,0.27
ジム,0.75,0.292
カズミ,0.2,0.306
紀彦,1.0,0.27
みづほ,0.0,0.269
厚志,1.0,0.314
晃介,1.0,0.269
卓志,1.0,0.314
青空,0.0,0.269
史彦,1.0,0.269
馨子,0.0,0.291
新太郎,1.0,0.305
菜々美,0.0,0.305
哲二,1.0,0.268
リッキー,1.0,0.304
栄介,1.0,0.268
優雅,0.375,0.324
カンパニー,1.0,0.268
英昭,1.0,0.29
リョウタ,0.778,0.328
咲夜,0.333,0.268
栞奈,0.0,0.268
かずゆき,1.0,0.268
甲斐,0.5,0.29
ハルキ,1.0,0.29
卓郎,1.0,0.289
啓人,1.0,0.267
岡村,0.667,0.289
基樹,1.0,0.267
和浩,1.0,0.267
孝史,1.0,0.266
ラビ,1.0,0.302
ムハンマド,1.0,0.343
隆仁,1.0,0.317
竜士,1.0,0.266
貞治,0.714,0.317
豊大,1.0,0.266
慶介,1.0,0.288
英博,1.0,0.317
華奈,0.0,0.265
遥菜,0.0,0.265
富子,0.0,0.288
栄美子,0.0,0.265
道孝,1.0,0.287
佑磨,1.0,0.265
勇亮,1.0,0.31
晃二,1.0,0.264
ニーナ,0.0,0.287
ひより,0.0,0.264
しずく,0.0,0.3
ミノル,1.0,0.264
多佳子,0.0,0.264
太輔,1.0,0.286
隆敏,1.0,0.263
仲宗根,0.667,0.263
リエ,0.167,0.308
響子,0.0,0.286
ナオト,0.636,0.329
利男,1.0,0.263
アケミ,0.333,0.285
桜井,1.0,0.285
瑠璃子,0.0,0.285
光将,1.0,0.263
直純,1.0,0.262
千賀,0.0,0.298
伸高,1.0,0.285
芙美子,0.0,0.262
朋之,1.0,0.262
ソフィア,0.0,0.322
修人,1.0,0.261
麻紀子,0.0,0.297
萌々,0.0,0.261
ヒサシ,1.0,0.261
もか,0.2,0.297
遥子,0.0,0.261
ハイメ,1.0,0.305
忠男,1.0,0.305
謙慈,1.0,0.296
美砂,0.056,0.335
美姫,0.0,0.329
敦志,1.0,0.282
侑子,0.0,0.282
佳紀,1.0,0.295
泰春,1.0,0.282
忠美,0.571,0.315
弘治,1.0,0.295
恒子,0.0,0.259
泰輝,1.0,0.295
菜穂,0.0,0.31
日奈子,0.0,0.258
謙太郎,1.0,0.28
佐久間,0.0,0.258
駿吾,1.0,0.257
実里,0.0,0.293
宗治,0.857,0.317
友輝,0.833,0.302
山村,0.75,0.279
克二,1.0,0.256
真和,1.0,0.256
怜香,0.0,0.256
義信,1.0,0.292
アキオ,1.0,0.256
雄飛,1.0,0.312
佳樹,0.75,0.329
晴奈,0.0,0.255
すぐる,1.0,0.255
一義,1.0,0.278
彩果,0.0,0.255
クリスティーナ,0.0,0.325
彰紀,1.0,0.277
慶次,1.0,0.277
耕治,1.0,0.254
奈歩,0.0,0.254
佐智子,0.0,0.254
克巳,1.0,0.276
道博,1.0,0.276
謙介,1.0,0.276
郁也,1.0,0.298
理一,1.0,0.253
輝幸,1.0,0.253
利昭,1.0,0.253
かつひこ,1.0,0.253
浩代,0.0,0.275
信広,1.0,0.288
研二,1.0,0.275
勝昭,1.0,0.252
洋志,1.0,0.252
裕佳,0.5,0.297
昌克,1.0,0.252
みつえ,0.0,0.274
剛生,1.0,0.252
忠久,1.0,0.252
勝之,1.0,0.251
真祐,0.333,0.251
乃愛,0.0,0.251
アスカ,0.0,0.287
奈奈,0.107,0.331
義隆,1.0,0.302
一政,1.0,0.273
耕太,1.0,0.25
元貴,1.0,0.295
志乃,0.0,0.286
路子,0.0,0.25
陽祐,1.0,0.25
正二,1.0,0.272
直文,1.0,0.25
公太,1.0,0.25
義郎,1.0,0.272
孝次,1.0,0.249
高幸,1.0,0.271
喜一郎,1.0,0.249
淳二,1.0,0.249
善行,0.917,0.316
サイ,0.875,0.305
大史,1.0,0.248
しげ子,0.0,0.248
長島,0.0,0.248
育美,0.0,0.299
慎治,1.0,0.248
智憲,1.0,0.27
さま,1.0,0.299
悠花,0.0,0.27
竣哉,1.0,0.27
良夫,1.0,0.247
古賀,0.5,0.269
こうた,1.0,0.292
清明,0.929,0.319
隆信,1.0,0.269
ちゃこ,0.0,0.247
アントニオ,1.0,0.314
せりな,0.0,0.246
としひろ,1.0,0.269
裕二郎,1.0,0.246
晴久,1.0,0.246
角田,0.75,0.268
洸太郎,1.0,0.245
優佑,1.0,0.245
雪乃,0.0,0.245
眞由美,0.0,0.267
貴生,0.952,0.322
ダイスケ,1.0,0.267
洸太朗,1.0,0.245
ヒロ子,0.0,0.244
佳恵,0.0,0.289
志野,0.25,0.267
圭二,1.0,0.244
千絵子,0.0,0.244
奥村,0.667,0.295
陽大,1.0,0.266
チエコ,0.0,0.244
明仁,1.0,0.327
康司,1.0,0.265
幸志,1.0,0.265
かつや,1.0,0.243
アリフ,0.6,0.279
辰夫,1.0,0.242
益弘,1.0,0.302
アルマンド,1.0,0.278
晃司,1.0,0.287
福山,0.944,0.318
健三郎,1.0,0.242
ミオ,0.167,0.287
吉明,1.0,0.315
さゆみ,0.0,0.264
信次,1.0,0.242
初恵,0.0,0.241
稜平,1.0,0.241
みう,0.0,0.241
ゆりこ,0.0,0.297
スレスタ,1.0,0.241
龍人,1.0,0.277
聖士,1.0,0.263
ベロニカ,0.0,0.285
実希,0.0,0.276
円香,0.0,0.24
英則,1.0,0.24
貴男,1.0,0.24
清文,0.863,0.324
まな美,0.0,0.239
俊春,1.0,0.239
沙耶,0.0,0.275
弘紀,1.0,0.239
重美,0.667,0.239
智津子,0.0,0.261
慎悟,1.0,0.261
千枝,0.0,0.238
ゆかこ,0.0,0.238
平井,0.6,0.274
かほり,0.0,0.26
典生,1.0,0.238
慶太郎,1.0,0.237
豊美,0.333,0.237
和章,1.0,0.259
茉里,0.0,0.237
範男,1.0,0.237
ひさし,1.0,0.237
宏貴,1.0,0.236
樹理,0.0,0.236
光江,0.25,0.259
義尚,1.0,0.258
哲弥,1.0,0.281
奈穂子,0.0,0.281
康行,1.0,0.236
力斗,1.0,0.235
かずお,1.0,0.258
高広,1.0,0.235
智世,0.2,0.271
直孝,1.0,0.257
アナリン,0.0,0.257
政隆,1.0,0.31
孝雄,1.0,0.286
悠河,1.0,0.234
美嘉,0.12,0.315
けんと,1.0,0.234
孝紀,1.0,0.256
マリー,0.0,0.299
ケンイチ,1.0,0.233
ファビアナ,0.333,0.233
宗平,0.95,0.31
なかの,0.667,0.233
わたなべ,0.333,0.233
繁樹,1.0,0.233
茂之,1.0,0.233
麻由子,0.0,0.255
里江子,0.0,0.232
崇生,1.0,0.255
道夫,1.0,0.283
しんいち,1.0,0.254
一史,1.0,0.232
増田,0.5,0.254
日和,0.625,0.288
白井,0.75,0.267
小島,0.5,0.267
雄祐,1.0,0.253
愛麗,0.0,0.276
邦行,1.0,0.253
すずか,0.014,0.316
だい,0.8,0.266
まる,0.5,0.23
信介,1.0,0.297
よしろう,1.0,0.229
沖縄,0.333,0.229
崇子,0.0,0.229
正直,0.6,0.274
としお,1.0,0.251
哲一,1.0,0.251
亜実,0.0,0.229
寿美子,0.0,0.251
ひでみ,0.333,0.228
規子,0.0,0.228
萌香,0.0,0.228
佐代子,0.0,0.25
勇仁,1.0,0.272
康孝,1.0,0.227
実花,0.0,0.298
克美,0.75,0.249
ぴー,1.0,0.227
広太,1.0,0.227
たま,0.2,0.263
俊也,1.0,0.249
久家,1.0,0.226
ラン,0.714,0.277
はづき,0.0,0.225
かつ,1.0,0.225
正己,1.0,0.261
多美,0.133,0.297
圭亮,1.0,0.225
幸祐,1.0,0.247
正孝,0.8,0.261
啓祐,1.0,0.247
秀作,1.0,0.224
裕矢,1.0,0.224
明夫,1.0,0.246
裕久,1.0,0.224
あきお,0.667,0.224
郁実,0.25,0.246
一枝,0.0,0.279
康予,0.0,0.223
夕夏,0.0,0.223
ハニー,0.0,0.223
義浩,1.0,0.259
まもる,0.75,0.279
聡太,1.0,0.222
利行,0.833,0.267
正康,1.0,0.29
たえ,0.0,0.222
永美子,0.0,0.222
一幸,0.75,0.278
茂幸,1.0,0.222
アリサ,0.25,0.244
有里子,0.0,0.244
香澄,0.25,0.243
忠雄,1.0,0.297
佳典,1.0,0.221
修一郎,1.0,0.243
広輝,1.0,0.22
アユミ,0.0,0.22
政義,0.929,0.291
貴夫,1.0,0.22
志津子,0.0,0.242
友一,1.0,0.242
英孝,1.0,0.219
泰裕,1.0,0.279
雅裕,1.0,0.241
真歩,0.2,0.255
公治,1.0,0.219
芳男,1.0,0.241
吉孝,1.0,0.218
なかた,0.333,0.218
栄次,1.0,0.218
大伟,0.991,0.293
楠楠,0.289,0.292
小花,0.108,0.293
金金,0.349,0.293
智慧,0.372,0.292
可心,0.129,0.29
振东,0.983,0.29
天成,1.0,0.291
佳文,0.396,0.29
晓露,0.115,0.286
立新,0.809,0.291
明昊,1.0,0.285
玉林,0.627,0.29
小雪,0.034,0.291
思涵,0.101,0.29
成成,0.86,0.29
婉莹,0.0,0.287
建超,0.946,0.287
振鹏,0.931,0.285
思文,0.512,0.287
天晴,0.386,0.287
小彬,0.854,0.287
文康,0.991,0.289
俊朗,0.979,0.287
海月,0.062,0.28
一明,1.0,0.285
桂花,0.014,0.289
明志,0.961,0.287
立娟,0.0,0.278
靖雯,0.008,0.288
靖博,1.0,0.272
海成,1.0,0.282
康明,0.963,0.282
文平,0.841,0.286
宏光,1.0,0.278
忠臣,1.0,0.266
依琳,0.051,0.287
忠杰,1.0,0.282
依林,0.211,0.279
志華,0.955,0.285
玉蘭,0.007,0.285
明輝,0.958,0.284
飛龍,0.979,0.282
淑琴,0.0,0.284
智康,0.974,0.28
廣明,1.0,0.276
海濱,0.952,0.276
レザ,1.0,0.223
澄香,0.0,0.19
堀越,0.5,0.19
マサキ,1.0,0.189
千都,0.5,0.189
美歩,0.0,0.256
武俊,1.0,0.249
広典,1.0,0.189
晃男,1.0,0.188
繁喜,1.0,0.218
雪恵,0.0,0.188
えみ子,0.0,0.187
とよこ,0.0,0.187
理砂,0.0,0.187
タカユキ,1.0,0.217
水島,0.0,0.187
隆男,1.0,0.187
雄河,1.0,0.187
慶一郎,1.0,0.187
瀬那,0.5,0.186
滝沢,1.0,0.186
寿実,0.0,0.186
未沙,0.0,0.231
一治,1.0,0.186
しずか,0.0,0.231
浩康,1.0,0.231
梅村,0.5,0.186
慎太朗,1.0,0.185
ケイ子,0.0,0.185
善幸,1.0,0.185
武人,1.0,0.185
輝恒,1.0,0.215
史代,0.0,0.185
そのみ,0.0,0.184
泰代,0.0,0.184
美絵子,0.0,0.184
大巨,1.0,0.184
華恵,0.0,0.184
仲本,0.0,0.184
豪志,1.0,0.228
多聞,1.0,0.183
徳山,1.0,0.183
勝博,1.0,0.228
一彰,1.0,0.183
晴樹,1.0,0.182
光春,0.857,0.247
雅崇,1.0,0.182
金満,1.0,0.182
右子,0.0,0.182
茂治,1.0,0.182
将夫,1.0,0.181
汐梨,0.0,0.181
明裕,1.0,0.262
圭史,1.0,0.181
常子,0.0,0.181
けんいちろう,1.0,0.18
真志,1.0,0.21
卓三,1.0,0.18
輝久,1.0,0.18
あつ子,0.0,0.18
奥山,0.667,0.21
ゆきひろ,1.0,0.18
和裕,1.0,0.179
寿治,1.0,0.179
アレクサンデル,1.0,0.209
みつ子,0.0,0.179
未希,0.0,0.239
菜絵,0.0,0.179
政江,0.333,0.209
紗菜,0.0,0.179
聖美,0.0,0.223
勝章,1.0,0.232
奈々恵,0.0,0.178
七星,0.0,0.232
高次,1.0,0.178
富田,0.667,0.208
研次,1.0,0.177
幸浩,1.0,0.177
利美,0.111,0.247
あづさ,0.0,0.177
ぱん,0.667,0.206
功太郎,1.0,0.176
理華,0.25,0.221
香穂里,0.0,0.206
亜記,0.0,0.176
聖都,1.0,0.176
ミホ,0.143,0.24
昌和,1.0,0.239
杏花,0.048,0.257
アツ子,0.0,0.175
辰美,1.0,0.175
しゅんた,1.0,0.174
末美,0.0,0.204
敏春,0.75,0.219
敦雄,1.0,0.228
瑠美子,0.0,0.174
謙一郎,1.0,0.174
尋子,0.0,0.174
初音,0.2,0.227
りよ,0.0,0.173
知実,0.0,0.173
ユウイチロウ,1.0,0.173
花鈴,0.0,0.203
綾郁,0.0,0.172
和伸,1.0,0.172
実菜,0.0,0.217
景太,1.0,0.217
タマラ,0.0,0.172
春人,1.0,0.172
建二,1.0,0.201
紀明,1.0,0.231
ドール,0.0,0.171
敦彦,1.0,0.171
義章,1.0,0.201
光伸,1.0,0.171
ジョー,1.0,0.245
さよこ,0.0,0.215
野田,0.333,0.234
柚香,0.0,0.17
壮史,1.0,0.17
充宏,1.0,0.2
良春,1.0,0.224
花澄,0.0,0.17
ミアン,1.0,0.17
ちよ,0.0,0.169
恵司,1.0,0.169
章宏,0.75,0.214
博孝,1.0,0.199
高行,1.0,0.169
憲人,1.0,0.199
下山,0.5,0.169
総一郎,1.0,0.168
佑二郎,1.0,0.198
ヤエ子,0.0,0.168
八郎,1.0,0.198
伸義,1.0,0.168
義康,1.0,0.168
響貴,1.0,0.167
真裕,1.0,0.167
檸檬,0.538,0.245
嘉洋,0.933,0.245
富美江,0.0,0.166
仁彦,1.0,0.166
善弘,1.0,0.211
利治,1.0,0.166
真以子,0.0,0.166
よし子,0.0,0.165
克一,1.0,0.165
秀杰,0.409,0.247
敏信,1.0,0.165
鉄雄,1.0,0.195
枝里,0.0,0.165
秀智,0.375,0.232
雅惠,0.006,0.253
大造,1.0,0.164
俊裕,1.0,0.236
グレッグ,1.0,0.164
コウヘイ,1.0,0.194
好正,1.0,0.194
真野,0.0,0.164
香鈴,0.0,0.164
ヤスヒロ,1.0,0.163
征太郎,1.0,0.163
フリオ,1.0,0.217
利孝,1.0,0.163
智奈美,0.0,0.163
照夫,1.0,0.162
アリネ,0.0,0.162
憲昭,1.0,0.207
雅巳,1.0,0.161
奈未,0.0,0.161
滉平,1.0,0.161
かつのり,1.0,0.16
ライト,0.5,0.205
ルシアナクリスチナ,0.0,0.16
欣儀,0.015,0.247
ミチ子,0.0,0.16
展章,1.0,0.19
あいか,0.0,0.224
誠志,1.0,0.227
貴代美,0.0,0.159
上村,0.333,0.189
ジョセリン,0.0,0.189
楓馬,1.0,0.159
よしのぶ,1.0,0.159
合田,1.0,0.159
幸輔,1.0,0.158
亜友美,0.0,0.188
千翔,1.0,0.231
敏正,1.0,0.218
喜明,0.867,0.236
ジェフ,1.0,0.221
ビルマ,0.0,0.157
吉治,1.0,0.186
浩喜,1.0,0.156
英里香,0.0,0.156
古都,0.0,0.156
陽太郎,1.0,0.156
怜士,1.0,0.156
可南子,0.0,0.186
まりん,0.0,0.156
公和,0.5,0.155
要一,1.0,0.185
ゆめこ,0.0,0.155
嘉章,1.0,0.228
神園,1.0,0.154
真大,1.0,0.154
良成,1.0,0.232
寛弥,1.0,0.154
潤潔,0.0,0.199
沙絵,0.0,0.153
眞司,1.0,0.153
友保,0.75,0.198
佳弘,1.0,0.22
広伸,1.0,0.153
スタイル,1.0,0.183
あっこ,0.0,0.153
アフマド,1.0,0.23
昌治,1.0,0.182
豊田,1.0,0.152
ノブヒロ,1.0,0.152
リヤド,1.0,0.212
悠美,0.0,0.151
俊次,1.0,0.181
リンリン,0.0,0.18
眞知子,0.0,0.15
ガルシア,0.75,0.204
グレイ,0.0,0.15
真桜,0.0,0.15
カリーム,1.0,0.195
和斗,1.0,0.149
啓美,0.0,0.149
かりん,0.333,0.179
瑠莉,0.0,0.179
レナト,1.0,0.203
則明,1.0,0.193
ビジネス,1.0,0.148
紀之,1.0,0.178
カリーナ,0.0,0.177
和寿,1.0,0.147
朋彦,1.0,0.147
克江,0.5,0.192
美紀子,0.333,0.177
パウデル,1.0,0.147
ふう,0.0,0.146
エイジ,1.0,0.176
佑二,1.0,0.176
あまの,0.0,0.146
風夏,0.0,0.146
望帆,0.0,0.145
美那,0.0,0.217
亜津子,0.0,0.145
香花,0.067,0.223
信英,0.6,0.199
宏二郎,1.0,0.144
七重,0.0,0.144
由香利,0.0,0.144
ブルナ,0.0,0.144
砂漠,0.0,0.144
風間,0.667,0.173
キラン,0.667,0.173
瑛介,1.0,0.143
教利,1.0,0.143
絵麻,0.0,0.143
克樹,1.0,0.142
あゆ美,0.0,0.142
ゆいか,0.0,0.209
龍夫,1.0,0.142
智己,1.0,0.142
拳太,1.0,0.172
俊太朗,1.0,0.142
綾太,1.0,0.141
アミール,1.0,0.219
昭司,1.0,0.141
顕子,0.0,0.141
卓矢,1.0,0.14
愛衣,0.0,0.14
智帆,0.8,0.194
成海,0.875,0.219
尚平,0.857,0.204
文弥,1.0,0.185
優馬,1.0,0.17
るか,0.0,0.139
このみ,0.0,0.211
ささ,0.75,0.184
明佳,0.789,0.219
雄星,1.0,0.169
広香,0.0,0.138
のこ,0.5,0.138
礼央,1.0,0.138
佑馬,1.0,0.138
坪井,1.0,0.137
知惠子,0.0,0.137
達樹,1.0,0.137
忠勝,1.0,0.197
達広,1.0,0.137
クリストファー,1.0,0.206
まみか,0.0,0.136
のりお,1.0,0.136
美侑,0.0,0.2
シンジ,0.75,0.18
真規,1.0,0.135
芳人,1.0,0.135
ジュナ,0.0,0.134
学東,1.0,0.134
恵莉,0.0,0.134
知生,1.0,0.164
なぎさ,0.0,0.198
絵梨子,0.0,0.163
吉久,1.0,0.133
栄美,0.0,0.133
英太郎,1.0,0.133
ロレナ,0.0,0.133
フェイ,0.0,0.133
れいか,0.0,0.162
隆人,1.0,0.132
エリオ,1.0,0.162
アハメド,1.0,0.206
達子,0.25,0.177
丈志,1.0,0.132
昂太,1.0,0.131
楓花,0.0,0.131
まりや,0.0,0.13
イズミ,0.333,0.16
勝幸,1.0,0.175
アレクス,0.857,0.194
ひろあき,0.643,0.207
久佳,0.0,0.13
哲人,0.667,0.189
佳輝,1.0,0.183
吉中,0.5,0.129
淳彦,1.0,0.129
きいち,1.0,0.129
春満,1.0,0.129
里彩,0.0,0.128
ジュニア,1.0,0.196
菜々穂,0.0,0.128
好明,0.667,0.188
敏昌,1.0,0.192
元晴,1.0,0.157
ゆきひこ,0.5,0.127
栄樹,1.0,0.127
君仁,1.0,0.172
新治,1.0,0.172
ユウコ,0.167,0.187
久人,1.0,0.127
善博,1.0,0.126
寧々,0.0,0.156
美由喜,0.0,0.126
利弘,1.0,0.156
祐美,0.0,0.156
みこ,0.0,0.126
早恵,0.0,0.126
航希,1.0,0.171
好信,1.0,0.125
志奈,0.0,0.125
フセイン,1.0,0.199
梨沙子,0.0,0.125
くりす,0.5,0.125
もりもと,0.5,0.125
隆則,1.0,0.124
史哉,1.0,0.154
尚大,1.0,0.124
重子,0.0,0.124
宏尚,1.0,0.124
後期,1.0,0.154
しんぺい,1.0,0.123
幸和,1.0,0.123
文恵,0.0,0.123
キョウコ,0.0,0.168
高秀,0.75,0.168
佑一,1.0,0.153
エミコ,0.0,0.122
貴章,1.0,0.122
まさお,1.0,0.152
恒樹,1.0,0.122
つばき,0.0,0.166
隆央,1.0,0.121
敏伸,1.0,0.121
道信,1.0,0.166
とぅ,1.0,0.121
英晃,1.0,0.166
高史,1.0,0.12
保子,0.25,0.165
友貴,0.75,0.165
貴嗣,1.0,0.12
雅己,1.0,0.12
芳江,0.0,0.12
かほる,0.0,0.12
由香理,0.0,0.149
てるみ,0.5,0.119
由夏,0.0,0.119
美麗,0.026,0.205
みず,0.5,0.164
マナ,0.0,0.163
手塚,0.667,0.148
吉宏,0.944,0.198
ルル,0.0,0.172
杉浦,0.5,0.118
信彰,1.0,0.182
拓司,1.0,0.118
大晟,1.0,0.148
哲太郎,1.0,0.117
光英,0.333,0.187
友里江,0.0,0.147
創一,1.0,0.117
温子,0.0,0.147
保男,0.5,0.117
次男,1.0,0.17
智弥,1.0,0.116
マガリ,0.0,0.146
日野,0.5,0.161
陽造,1.0,0.116
航河,1.0,0.116
ダカル,1.0,0.116
杏珠,0.0,0.175
静花,0.0,0.16
順姫,0.0,0.115
茉奈,0.0,0.115
耕嗣,1.0,0.115
シモネ,0.0,0.115
サッカー,1.0,0.16
ジェイコ,1.0,0.114
ホン,0.5,0.114
伸晃,1.0,0.114
ジャイロ,1.0,0.144
安輝,1.0,0.144
瑠依,0.0,0.143
ワード,0.5,0.158
タコ,1.0,0.113
直俊,1.0,0.113
勇輔,1.0,0.113
知直,1.0,0.113
マリク,1.0,0.18
アレサンドラ,0.0,0.112
睦男,1.0,0.112
祐典,1.0,0.142
明日美,0.0,0.111
幸広,1.0,0.111
ガレージ,1.0,0.111
湯川,0.5,0.111
キオシ,1.0,0.111
マサヨシ,1.0,0.111
平林,0.0,0.14
富貴子,0.0,0.14
喜彦,1.0,0.11
ジョナス,1.0,0.155
美千穂,0.5,0.11
俊嗣,1.0,0.109
美成,1.0,0.177
修明,0.9,0.181
明徳,1.0,0.139
サチエ,0.0,0.109
織恵,0.0,0.109
ラニ,0.0,0.153
新井,1.0,0.108
勇悟,1.0,0.108
市原,1.0,0.108
真里亜,0.0,0.108
佑季,0.0,0.107
りんご,0.333,0.137
祥弘,1.0,0.137
大登,1.0,0.107
達朗,1.0,0.161
靖江,0.0,0.106
かよの,0.0,0.106
章代,0.0,0.106
政輝,1.0,0.186
昌二,1.0,0.136
道明,0.973,0.191
ともや,1.0,0.135
武尊,1.0,0.135
りょうが,1.0,0.135
やた,0.5,0.105
シホ,0.0,0.105
定幸,1.0,0.104
瑠羽,0.5,0.104
友美子,0.0,0.104
下川,0.5,0.104
育雄,1.0,0.158
紀和,0.5,0.104
悠二,1.0,0.103
ハサン,1.0,0.163
美登里,0.0,0.103
盛之助,1.0,0.103
ちえこ,0.0,0.133
佑奈,0.0,0.103
一紀,1.0,0.132
裕平,0.846,0.178
航一,1.0,0.102
了太,1.0,0.101
もりた,0.0,0.101
滉也,1.0,0.101
アキヒコ,1.0,0.101
憲広,1.0,0.101
幸介,1.0,0.101
実樹,0.0,0.171
リリ,0.333,0.13
星野,0.429,0.168
風香,0.0,0.1
みん,0.25,0.145
ようすけ,0.5,0.1
ラジ,1.0,0.099
実紀,0.5,0.099
万里奈,0.0,0.099
ビクラム,1.0,0.099
敏久,1.0,0.099
もと,1.0,0.099
七帆,0.0,0.099
笑理,0.0,0.098
真義,1.0,0.098
秀司,1.0,0.098
いも,0.5,0.098
成東,1.0,0.128
瑛里菜,0.0,0.098
友祐,1.0,0.128
クレア,0.25,0.143
カンチナ,0.0,0.097
マサトシ,1.0,0.097
ネギ,1.0,0.127
内間,0.5,0.097
英久,0.667,0.127
和大,1.0,0.097
政秀,1.0,0.126
喜美,0.0,0.161
尚彦,1.0,0.126
一斗,1.0,0.126
悦生,1.0,0.096
夢美,0.0,0.126
健志郎,1.0,0.095
しゅんや,1.0,0.095
るん,0.333,0.125
ゆうたろう,1.0,0.095
ウィリアム,1.0,0.168
遥平,1.0,0.094
チカラ,0.667,0.124
ふじこ,0.0,0.094
ムハマド,1.0,0.148
建太,1.0,0.154
石塚,1.0,0.094
かん,1.0,0.093
竹彦,1.0,0.093
岩下,1.0,0.093
桂治,0.8,0.147
信治,0.333,0.137
尚弘,1.0,0.122
リーフ,1.0,0.092
真一朗,1.0,0.092
千帆,0.111,0.162
淳介,1.0,0.092
俊典,1.0,0.146
理那,0.0,0.091
希子,0.0,0.121
隆裕,1.0,0.121
えつこ,0.0,0.091
まあや,0.5,0.091
千聡,0.0,0.091
朋宏,1.0,0.091
好彦,1.0,0.09
でい,0.5,0.09
たかお,1.0,0.09
季子,0.0,0.09
カズユキ,1.0,0.09
泰雅,0.667,0.119
エリ,0.0,0.161
帆乃香,0.0,0.089
喜信,1.0,0.119
月光,0.75,0.156
サムエル,1.0,0.119
正宗,1.0,0.174
優翔,1.0,0.088
元哉,1.0,0.118
エンリケ,1.0,0.142
勇一郎,1.0,0.088
壮汰,1.0,0.088
俊史,1.0,0.088
真莉子,0.0,0.117
ビカス,1.0,0.087
ミサキ,0.333,0.117
晴生,1.0,0.087
シェルパ,1.0,0.087
冨岡,0.5,0.087
敏也,1.0,0.117
流星,0.833,0.169
良磨,1.0,0.086
ロイさん,1.0,0.086
由真,0.5,0.085
サプコタ,1.0,0.085
照二,1.0,0.085
アカ,1.0,0.085
美礼,0.0,0.115
塚本,1.0,0.13
真斗,1.0,0.129
ルイ,0.75,0.129
真彩,0.0,0.128
植田,0.667,0.113
萌佳,0.0,0.082
華音,0.0,0.082
ゆづき,0.0,0.082
凪咲,0.0,0.082
智生,1.0,0.154
ノゾミ,0.0,0.112
康男,1.0,0.126
裕康,0.933,0.16
正哲,1.0,0.155
もん,0.5,0.081
愛也,1.0,0.081
タケ,1.0,0.08
タリク,1.0,0.14
ジョシュア,1.0,0.15
ふうこ,0.0,0.08
譲二,1.0,0.11
宏隆,1.0,0.157
バス,1.0,0.109
美春,0.0,0.165
ユタカ,1.0,0.079
正毅,0.833,0.143
福永,1.0,0.139
凜太郎,1.0,0.109
紗耶,0.0,0.078
陵真,1.0,0.078
康幸,1.0,0.108
ビクトル,1.0,0.148
柚月,0.0,0.108
アセラ,1.0,0.078
道貴,1.0,0.077
ワールド,0.5,0.077
川原,0.667,0.137
亜星,1.0,0.077
森屋,0.5,0.077
弘嗣,1.0,0.077
マルビン,1.0,0.076
与一,1.0,0.076
花凜,0.0,0.076
きよ子,0.0,0.076
アミル,1.0,0.106
秀徳,1.0,0.121
ダリオ,1.0,0.121
翔汰郎,1.0,0.075
かずひろ,1.0,0.105
グレイス,0.0,0.075
コウタ,1.0,0.075
光和,1.0,0.139
祐助,1.0,0.075
相良,0.75,0.12
サラ,0.095,0.158
和豊,1.0,0.074
丸子,0.147,0.16
シンタロウ,1.0,0.074
ヒン,0.667,0.104
知恵美,0.0,0.074
晋司,1.0,0.073
テリー,1.0,0.118
利樹,1.0,0.073
カーン,1.0,0.103
勇哉,1.0,0.073
躑躅,1.0,0.073
那智,1.0,0.073
瑠人,1.0,0.072
インターナショナル,1.0,0.072
辰弘,1.0,0.102
克洋,1.0,0.132
泉希,0.0,0.072
ただ,1.0,0.117
廣光,1.0,0.072
夏香,0.0,0.117
ハンナ,0.0,0.101
テツ,1.0,0.071
亜季,0.0,0.101
昌隆,1.0,0.152
せい,0.4,0.124
舞香,0.0,0.124
楓夏,0.333,0.1
りんか,0.0,0.115
尚浩,1.0,0.13
その子,0.0,0.069
内山,1.0,0.099
光太朗,1.0,0.069
けいご,0.941,0.148
岩本,0.75,0.123
裕俊,1.0,0.129
ユアン,0.5,0.068
パテュム,1.0,0.068
ダイ,1.0,0.113
祐仁,1.0,0.098
サイモン,1.0,0.122
シャン,0.667,0.128
カルマ,1.0,0.097
カイ,0.556,0.137
スエレン,0.0,0.067
カンナ,0.0,0.067
晃三,1.0,0.067
ふうか,0.0,0.066
エレーナ,0.0,0.066
龍之,1.0,0.066
重喜,0.667,0.096
千寛,0.0,0.065
アリレザ,1.0,0.065
貴久子,0.0,0.065
モハン,1.0,0.095
直記,1.0,0.065
河口,0.5,0.065
保夫,1.0,0.064
慶三,1.0,0.064
千波,0.0,0.094
茂明,1.0,0.109
光博,1.0,0.094
ゆきほ,0.0,0.064
門岡,1.0,0.064
道郎,1.0,0.063
明史,1.0,0.093
トシエ,0.0,0.063
結美,0.0,0.062
クマル,0.667,0.092
湧貴,1.0,0.062
幹治,1.0,0.062
宏侑,1.0,0.062
友喜,1.0,0.121
銀次郎,1.0,0.061
太史,1.0,0.061
シャネット,0.0,0.061
ルーク,1.0,0.06
慶朗,1.0,0.09
としゆき,1.0,0.06
愛理沙,0.0,0.06
平岡,0.5,0.059
愛那,0.0,0.059
和佳,0.4,0.113
美弥,0.0,0.104
りょうや,1.0,0.059
弘也,1.0,0.059
キラ,0.8,0.123
一豊,1.0,0.058
愼太郎,1.0,0.058
さや,0.043,0.14
紗良,0.0,0.088
光浩,1.0,0.13
立川,1.0,0.121
洋三,1.0,0.057
弘隆,1.0,0.124
栗田,1.0,0.057
志津馬,1.0,0.057
トマト,0.667,0.087
健士,1.0,0.057
としこ,0.0,0.056
広文,1.0,0.086
真之,1.0,0.056
こず恵,0.0,0.056
哲治,1.0,0.086
勝紀,1.0,0.056
ゆうご,1.0,0.056
りおん,1.0,0.055
辰之,1.0,0.055
セバス,0.8,0.109
友里恵,0.0,0.1
祥一,1.0,0.085
夏姫,0.0,0.055
戸田,0.0,0.054
智治,1.0,0.054
祥郎,1.0,0.054
うみ,0.5,0.054
知哉,1.0,0.108
沙知,0.0,0.054
和昭,1.0,0.098
知二,1.0,0.053
幸奈,0.0,0.053
奨悟,1.0,0.053
暁輝,1.0,0.052
侃奈,0.0,0.052
芳行,1.0,0.052
うえき,0.5,0.052
博基,1.0,0.082
里実,0.0,0.052
崇司,0.75,0.097
本田,0.8,0.124
エリアネ,0.0,0.052
井坂,1.0,0.051
もり,0.0,0.051
エース,1.0,0.096
奏人,1.0,0.051
晃希,1.0,0.081
育江,0.0,0.051
カズコ,0.0,0.08
ディエゴ,1.0,0.132
朱実,0.0,0.05
鹿児島,1.0,0.05
祐馬,1.0,0.05
トム,0.778,0.122
隆世,1.0,0.049
カメイ,1.0,0.049
りゅうへい,1.0,0.049
朋史,1.0,0.049
咲太朗,1.0,0.079
マックス,0.857,0.119
廣幸,1.0,0.049
良輝,0.875,0.127
士郎,1.0,0.118
りつ子,0.0,0.048
さと子,0.0,0.048
夏穂,0.0,0.121
和志,1.0,0.092
昌秀,0.5,0.107
和実,0.333,0.077
瑛里,0.0,0.047
快人,1.0,0.077
ありす,0.0,0.047
寿志,1.0,0.047
新川,1.0,0.114
大生,1.0,0.106
良仁,1.0,0.114
知弘,1.0,0.076
梨菜,0.0,0.046
峰夫,1.0,0.046
公伸,1.0,0.046
哲徳,1.0,0.045
リアン,0.6,0.099
誠朗,1.0,0.045
遼馬,1.0,0.045
有一,0.667,0.09
良幸,0.833,0.104
千華子,0.0,0.044
古山,0.667,0.074
弘智,1.0,0.104
隼輔,1.0,0.044
京太郎,1.0,0.043
信吾,1.0,0.088
千紗都,0.0,0.043
カー,0.75,0.088
厚美,0.0,0.042
グロリア,0.0,0.087
尚隆,1.0,0.102
ようじ,0.667,0.072
角栄,0.5,0.072
信成,1.0,0.122
西尾,0.5,0.042
勇吾,1.0,0.042
慧一,1.0,0.042
秀章,0.545,0.115
勝浩,1.0,0.071
うえむら,0.0,0.041
太輝,1.0,0.041
直枝,0.5,0.041
喜久子,0.0,0.04
たちばな,1.0,0.04
明憲,0.981,0.126
慶紀,1.0,0.069
伸弘,1.0,0.069
ひー,1.0,0.039
智拓,1.0,0.039
寛幸,1.0,0.039
正久,1.0,0.039
訓史,1.0,0.039
芳孝,1.0,0.039
霁芃,1.0,0.038
実歩,0.0,0.083
ワイド,1.0,0.038
たかはし,0.2,0.092
ロムロ,1.0,0.038
宗和,1.0,0.117
喜久雄,1.0,0.037
山田太郎,1.0,0.037
忠宏,1.0,0.109
洋士,1.0,0.037
祝子,0.0,0.037
保弘,1.0,0.037
紘太,1.0,0.037
侑生,1.0,0.037
大隆,1.0,0.066
泰祐,1.0,0.066
惠美子,0.0,0.036
友啓,1.0,0.036
朱理,0.0,0.035
紗那,0.0,0.035
よしあき,1.0,0.08
充弘,1.0,0.08
智規,1.0,0.035
忠和,1.0,0.116
照明,1.0,0.099
キリト,0.833,0.099
雅孝,1.0,0.064
柚衣,0.0,0.064
昌恵,0.0,0.034
雅祐,1.0,0.034
明大,1.0,0.079
堀川,0.75,0.079
正巳,1.0,0.033
綾奈,0.0,0.033
直江,0.0,0.033
たまえ,0.0,0.033
亜里,0.0,0.032
岩雄,1.0,0.062
芳春,0.4,0.086
译萱,0.0,0.077
田崎,1.0,0.032
沙也花,0.0,0.031
栗山,0.5,0.031
夕香,0.0,0.031
和俊,1.0,0.076
唯人,1.0,0.031
翔人,1.0,0.06
西山,0.5,0.075
俊孝,1.0,0.1
政徳,1.0,0.03
まん,1.0,0.059
明良,1.0,0.114
一記,1.0,0.029
寿美礼,0.0,0.029
友梨奈,0.0,0.029
ちぃ,0.5,0.028
泰佑,1.0,0.092
真汐,0.5,0.028
トモコ,0.0,0.028
彰人,1.0,0.058
外山,1.0,0.028
悠汰,1.0,0.027
真優子,0.0,0.057
泰浩,1.0,0.072
横浜,1.0,0.027
エカテリーナ,0.0,0.071
なおひろ,1.0,0.056
敏晃,1.0,0.026
カラ,0.667,0.056
萌奈,0.0,0.08
琴未,0.0,0.025
りー,0.5,0.025
泰之,1.0,0.025
明穂,0.0,0.025
美裕,0.0,0.092
うと,0.5,0.024
克史,1.0,0.024
満子,0.0,0.024
シルバナ,0.0,0.054
公久,1.0,0.024
ハリ,0.5,0.068
博貴,0.8,0.077
美輪,0.0,0.068
幸久,1.0,0.022
知恵,0.2,0.076
ゆりあ,0.0,0.022
崇裕,1.0,0.052
正生,1.0,0.082
智基,1.0,0.067
章好,1.0,0.021
圭助,1.0,0.097
柚子,0.444,0.107
政貴,1.0,0.02
幸哉,0.5,0.02
珠乃,0.0,0.02
義幸,1.0,0.019
崇志,1.0,0.091
幹彦,1.0,0.019
まき子,0.0,0.019
まゆか,0.0,0.089
正太,1.0,0.019
下村,0.333,0.048
佳伸,1.0,0.018
ひでこ,0.0,0.018
久実,0.0,0.018
セイキ,0.5,0.017
スノウ,1.0,0.017
亜海,0.571,0.081
結貴,0.5,0.017
隆昭,1.0,0.016
伊奈,0.0,0.016
亮馬,1.0,0.016
ユナ,0.0,0.046
賢斗,1.0,0.046
サダコ,0.0,0.016
未咲,0.0,0.075
岩間,1.0,0.045
稔子,0.0,0.015
聖貴,1.0,0.045
慶人,1.0,0.015
ワタナベ,0.5,0.014
レン,0.5,0.082
久予,0.0,0.014
香純,0.0,0.014
クリスチーナ,0.0,0.014
ただあき,1.0,0.014
市村,1.0,0.014
友紀子,0.0,0.043
美岬,0.0,0.043
大毅,1.0,0.067
アンディ,0.625,0.084
内海,1.0,0.012
かか,0.333,0.057
暁燕,0.0,0.042
剛琉火,1.0,0.012
直彦,1.0,0.012
屹钧,1.0,0.012
商会,1.0,0.011
クリニック,0.333,0.041
友一郎,1.0,0.011
貴樹,1.0,0.011
阿里,0.889,0.095
瑞稀,0.0,0.075
昌徳,1.0,0.01
久典,1.0,0.009
茉有,0.0,0.039
功子,0.0,0.009
龍聖,1.0,0.039
康道,1.0,0.009
水谷,1.0,0.008
朋哉,1.0,0.038
卓洋,0.833,0.068
亜依,0.0,0.008
宮川,0.5,0.008
カロリネ,0.0,0.008
匠真,1.0,0.007
直義,1.0,0.007
そらサンダラ,0.0,0.007
久男,1.0,0.007
城間,0.0,0.006
英作,1.0,0.006
桂太,1.0,0.006
陽二,1.0,0.036
宏毅,0.958,0.088
ケニー,1.0,0.051
恒太,1.0,0.006
オリベイラ,1.0,0.005
昌洋,1.0,0.035
恵利子,0.0,0.005
千遥,0.0,0.005
智英,0.263,0.085
和未,0.5,0.005
エモン,1.0,0.035
ラウル,1.0,0.078
板村,0.5,0.005
竜彦,1.0,0.004
あいみ,0.0,0.058
雅杰,0.154,0.08
恵利,0.0,0.003
亮志,1.0,0.067
ゆず,0.4,0.057
吾朗,1.0,0.003
有司,1.0,0.003
謙斗,1.0,0.002
真愛,0.25,0.07
広之,1.0,0.002
成吾,1.0,0.002
ルシオ,1.0,0.031
文隆,1.0,0.088
正忠,0.976,0.087
内藤,0.333,0.031
天歌,0.333,0.046
たかたか,0.0,0.0
サク,0.667,0.03
フン,0.5,0.0
しゅうや,1.0,0.083
だよ,0.0,0.045
みれい,0.0,0.089
ももえ,0.0,0.083
アヌシュカ,0.5,0.045
アフメド,1.0,0.075
アルベルト,1.0,0.076
ゲーム,0.0,0.045
トーマス,1.0,0.084
ナタリア,0.1,0.072
マーティン,1.0,0.082
メメ,0.75,0.084
ユスフ,1.0,0.06
ヨン,1.0,0.072
一修,1.0,0.082
一如,0.25,0.083
一峰,1.0,0.088
一川,0.769,0.084
一敏,0.6,0.081
一星,0.545,0.083
一江,0.6,0.072
一清,0.75,0.079
一玄,1.0,0.077
一銘,1.0,0.085
世佳,0.917,0.084
世偉,0.984,0.089
世安,0.98,0.088
世鋒,1.0,0.072
世鹏,1.0,0.077
世龙,1.0,0.087
东霖,0.833,0.075
中伟,1.0,0.085
中元,0.909,0.082
中原,0.913,0.086
中正,0.879,0.087
丹红,0.0,0.086
丹青,0.231,0.086
丽莉,0.022,0.088
之子,0.893,0.087
予涵,0.143,0.077
云帆,0.615,0.083
云波,0.846,0.087
云芳,0.0,0.087
亞倫,0.975,0.088
亭萱,0.0,0.083
仁哲,1.0,0.081
仲凱,0.95,0.085
仲堯,1.0,0.08
伊琳,0.03,0.087
伟基,1.0,0.082
伟奇,0.929,0.084
伟彬,0.986,0.089
佑翔,1.0,0.079
佳一,0.778,0.07
佳伶,0.0,0.088
佳佑,0.833,0.084
佳偉,0.952,0.086
佳媛,0.0,0.084
佳宏,0.98,0.088
佳希,0.222,0.08
佳楠,0.486,0.087
佳琳,0.054,0.088
佳穎,0.123,0.089
佳芸,0.025,0.088
佳莹,0.0,0.087
佳萍,0.0,0.082
佳蓉,0.011,0.089
佳辉,0.947,0.085
佳辰,0.706,0.079
佳馨,0.0,0.084
依依,0.034,0.089
依涵,0.0,0.08
依潔,0.0,0.085
俊亨,1.0,0.087
俊仁,0.953,0.089
俊俊,0.894,0.089
俊元,1.0,0.088
俊吉,1.0,0.088
俊安,1.0,0.089
俊希,0.983,0.088
俊平,0.979,0.086
俊彰,1.0,0.079
俊志,1.0,0.086
俊武,1.0,0.086
俊琪,0.667,0.083
俊男,0.977,0.088
俊睿,1.0,0.083
俊美,0.2,0.081
俊逸,0.985,0.089
俊達,0.984,0.089
俊隆,1.0,0.087
俊霞,0.0,0.084
俊龍,0.976,0.089
俐穎,0.0,0.082
俞廷,0.364,0.082
信吉,1.0,0.08
信智,1.0,0.083
信義,1.0,0.084
倩穎,0.0,0.079
偉仁,0.969,0.087
偉康,1.0,0.089
偉東,1.0,0.088
偉達,0.978,0.088
健佑,1.0,0.079
健光,1.0,0.086
健君,0.857,0.084
健宏,1.0,0.087
健成,1.0,0.088
健朗,1.0,0.087
健生,0.966,0.088
健男,0.909,0.074
健翔,1.0,0.086
健華,0.902,0.089
健誠,0.941,0.085
健雄,1.0,0.089
元宏,1.0,0.085
元昊,1.0,0.084
兆輝,1.0,0.088
光中,0.923,0.084
光毅,1.0,0.084
光祐,1.0,0.082
光裕,0.96,0.087
克斯,0.93,0.088
兔兔,0.071,0.084
兴隆,0.97,0.087
凡凡,0.375,0.087
凤霞,0.0,0.087
凯欣,0.082,0.089
凯迪,0.84,0.086
凯雄,1.0,0.079
利英,0.0,0.084
利華,0.211,0.085
前程,1.0,0.08
力奇,0.95,0.085
勇杰,0.975,0.088
勝宏,1.0,0.079
勝文,1.0,0.086
勝昌,1.0,0.083
勝義,1.0,0.077
勝翔,1.0,0.077
勝雄,1.0,0.085
北辰,0.889,0.085
十一,0.641,0.088
十七,0.5,0.084
十三,0.8,0.079
千惠,0.0,0.088
千慧,0.024,0.088
千綺,0.143,0.079
千雅,0.0,0.084
卓宏,1.0,0.084
卓朗,0.947,0.085
卓穎,0.355,0.087
博允,1.0,0.081
博智,1.0,0.084
博正,1.0,0.077
博雄,1.0,0.081
博雅,0.357,0.084
友利,0.769,0.084
友文,0.964,0.087
双喜,0.821,0.087
吉文,1.0,0.083
向陽,0.84,0.087
君如,0.095,0.086
君毅,1.0,0.084
启航,0.852,0.086
咖啡,0.632,0.086
哲弘,0.941,0.079
哲良,1.0,0.077
哲鹏,1.0,0.06
嘉仁,0.929,0.087
嘉信,1.0,0.085
嘉偉,0.987,0.089
嘉傑,0.965,0.088
嘉原,1.0,0.083
嘉宏,0.99,0.088
嘉希,0.528,0.088
嘉康,0.955,0.086
嘉弘,1.0,0.084
嘉志,1.0,0.08
嘉杰,1.0,0.089
嘉禧,0.68,0.086
嘉美,0.049,0.088
嘉良,1.0,0.089
嘉裕,0.725,0.088
嘉誠,0.948,0.089
嘉賢,0.906,0.087
嘉輝,0.952,0.089
嘉銘,0.947,0.089
嘉锐,0.75,0.072
嘉隆,0.97,0.085
嘉雄,0.963,0.087
嘉鹏,1.0,0.083
国光,1.0,0.088
国君,0.917,0.083
国強,0.976,0.088
国梁,1.0,0.087
国海,1.0,0.086
国芳,0.375,0.085
国英,0.347,0.086
國光,1.0,0.089
國勇,1.0,0.085
國宏,1.0,0.087
國明,0.982,0.089
國治,1.0,0.084
國華,0.962,0.09
國裕,1.0,0.085
國雄,1.0,0.09
圓圓,0.106,0.089
坤鹏,1.0,0.084
士文,0.962,0.087
士良,1.0,0.083
大一,0.938,0.079
大人,0.753,0.089
大仁,1.0,0.088
大偉,0.991,0.088
大吉,0.84,0.084
大哥,1.0,0.081
大富,0.909,0.086
大川,1.0,0.084
大師,0.909,0.088
大文,0.878,0.09
大明,0.863,0.09
大熊,0.846,0.084
大美,0.071,0.084
天博,1.0,0.08
天娇,0.15,0.085
天才,1.0,0.082
天河,1.0,0.085
天洋,0.75,0.083
天然,0.75,0.088
奕凯,1.0,0.082
如君,0.15,0.086
如梦,0.222,0.08
妍君,0.0,0.085
妙英,0.027,0.088
妙華,0.043,0.086
妙蘭,0.0,0.086
姵萱,0.0,0.083
威志,1.0,0.088
婉柔,0.0,0.087
婉玲,0.0,0.089
婉芬,0.0,0.088
婷玉,0.0,0.085
子儀,0.296,0.087
子光,1.0,0.086
子晉,1.0,0.083
子洛,0.833,0.083
子綾,0.0,0.079
子超,0.951,0.088
子鵬,1.0,0.077
孝勇,1.0,0.084
孝文,0.905,0.086
孟君,0.244,0.088
学敏,0.625,0.084
学斌,1.0,0.085
学明,0.969,0.087
宇光,0.95,0.085
宇婷,0.02,0.088
宇軒,0.957,0.09
宇辰,0.797,0.089
守仁,1.0,0.085
守正,1.0,0.077
安東,1.0,0.085
安柏,0.154,0.084
安淇,0.0,0.086
安琦,0.12,0.086
宏亮,1.0,0.088
宏仁,1.0,0.084
宏俊,1.0,0.085
宏修,1.0,0.079
宏吉,1.0,0.079
宏名,1.0,0.08
宏基,1.0,0.085
宏宇,0.886,0.088
宏建,1.0,0.081
宏文,0.976,0.088
宏昌,1.0,0.086
宏泰,1.0,0.083
宏洋,1.0,0.086
宏睿,0.875,0.079
宏祥,1.0,0.083
宏翔,1.0,0.083
宏輝,0.933,0.084
宗保,1.0,0.082
宗勳,1.0,0.086
宗憲,0.988,0.089
宗政,1.0,0.081
宗民,1.0,0.086
宗翰,0.936,0.09
宗良,1.0,0.087
宗軒,1.0,0.084
宗輝,1.0,0.085
宗銘,1.0,0.085
宛儀,0.0,0.082
宛妤,0.0,0.079
宜家,0.211,0.086
宜庭,0.034,0.089
宜慧,0.0,0.084
宜成,1.0,0.079
宜芳,0.023,0.088
宣佑,0.857,0.084
宥穎,0.286,0.077
家康,0.972,0.088
家慶,0.988,0.089
家浩,1.0,0.088
家玉,0.2,0.086
家維,0.965,0.088
家荣,0.985,0.089
家賢,0.875,0.088
家龙,0.958,0.086
宸緯,1.0,0.083
寶寶,0.258,0.09
小丹,0.102,0.088
小冰,0.129,0.089
小南,0.478,0.086
小吉,0.586,0.087
小夏,0.286,0.077
小山,0.821,0.087
小康,0.93,0.088
小建,0.913,0.086
小強,0.964,0.089
小恩,0.36,0.087
小晴,0.024,0.086
小月,0.106,0.088
小样,0.182,0.082
小楠,0.25,0.083
小河,0.8,0.081
小潔,0.0,0.087
小田,0.76,0.083
小羽,0.312,0.087
小聪,0.5,0.079
小胖,0.889,0.088
小華,0.393,0.089
小西,0.269,0.087
小路,0.727,0.086
小輝,0.8,0.087
小鈴,0.053,0.085
小鑫,0.944,0.085
小魚,0.156,0.085
小鳳,0.035,0.089
小麗,0.029,0.089
小麥,0.762,0.086
少華,0.613,0.089
少輝,0.96,0.086
峻佑,1.0,0.075
崇德,1.0,0.084
巍巍,0.5,0.085
巧欣,0.0,0.085
幸儿,0.111,0.08
幸如,0.0,0.081
幼芬,0.0,0.08
庆龙,1.0,0.087
康亮,1.0,0.075
廣成,1.0,0.086
廣文,0.967,0.087
廣輝,1.0,0.086
廷恩,0.647,0.085
建一,1.0,0.083
建偉,1.0,0.087
建兴,0.982,0.088
建勝,1.0,0.079
建喜,0.867,0.084
建志,0.977,0.089
建昇,0.933,0.085
建興,0.98,0.089
建華,0.898,0.09
建萍,0.033,0.087
建軍,0.789,0.088
建鋒,1.0,0.086
建锋,1.0,0.089
建鹏,1.0,0.085
弘基,1.0,0.079
弘斌,1.0,0.079
弘昌,1.0,0.067
弘益,1.0,0.075
彥蓁,0.1,0.081
彩英,0.041,0.089
彩蘭,0.0,0.088
彩雲,0.036,0.089
德强,1.0,0.089
德政,1.0,0.083
德智,1.0,0.087
德阳,0.9,0.081
心心,0.105,0.089
志仁,1.0,0.089
志健,0.987,0.089
志博,0.929,0.077
志君,0.667,0.087
志和,0.919,0.089
志国,1.0,0.087
志坤,0.986,0.089
志慧,0.289,0.088
志方,0.905,0.086
志昂,1.0,0.084
志民,0.978,0.089
志波,1.0,0.087
志騰,1.0,0.077
志龍,0.972,0.089
忠仁,1.0,0.087
忠信,0.983,0.088
忠志,1.0,0.084
忠政,1.0,0.076
忠敏,0.667,0.084
忠文,1.0,0.087
忠明,0.987,0.088
忠良,1.0,0.088
忠華,0.944,0.085
忠輝,1.0,0.083
忠隆,1.0,0.081
思嘉,0.138,0.087
思妍,0.0,0.086
思怡,0.0,0.088
思瑜,0.125,0.087
思衡,0.727,0.083
思雅,0.0,0.088
思雯,0.118,0.085
思静,0.053,0.085
怡伶,0.0,0.089
怡琳,0.0,0.084
怡穎,0.182,0.083
惠美,0.0,0.089
愛玲,0.069,0.087
慧文,0.109,0.088
慧茹,0.05,0.088
慧雅,0.0,0.086
慶宗,1.0,0.085
慶富,1.0,0.077
慶昌,1.0,0.085
慶明,1.0,0.084
慶龍,1.0,0.087
成彬,1.0,0.082
成文,0.941,0.087
成章,1.0,0.085
承恩,0.962,0.089
振業,1.0,0.087
振興,1.0,0.089
振華,0.973,0.089
振辉,0.988,0.089
振龙,1.0,0.088
政修,1.0,0.08
政儒,1.0,0.086
政宇,1.0,0.088
政廷,1.0,0.087
政文,0.909,0.082
政杰,1.0,0.087
政男,1.0,0.082
政翰,1.0,0.087
政道,1.0,0.085
政雄,1.0,0.084
文仁,1.0,0.087
文傑,0.983,0.09
文勝,1.0,0.087
文娜,0.0,0.086
文孝,1.0,0.085
文学,1.0,0.086
文岳,1.0,0.077
文強,0.99,0.089
文思,0.333,0.085
文成,0.982,0.088
文浩,0.99,0.089
文瑞,0.872,0.088
文生,0.975,0.089
文皓,0.943,0.087
文美,0.125,0.083
文義,1.0,0.084
文華,0.711,0.089
文輝,0.96,0.09
新平,0.857,0.087
方华,0.667,0.075
昀蓁,0.062,0.085
昌憲,1.0,0.075
明信,0.917,0.083
明山,0.98,0.088
明政,0.964,0.087
明春,0.758,0.087
明月,0.166,0.089
明治,0.842,0.085
明洋,0.939,0.087
明浩,0.975,0.088
明睿,0.882,0.085
明秀,0.088,0.087
明莉,0.0,0.086
明華,0.68,0.089
明財,1.0,0.082
明賢,0.939,0.088
明道,1.0,0.085
明雅,0.071,0.084
明麗,0.0,0.087
星光,0.931,0.087
星輝,0.944,0.081
映竹,0.071,0.084
映雪,0.027,0.088
春木,0.929,0.084
春海,0.931,0.087
春男,0.875,0.067
春貴,0.889,0.081
春輝,0.846,0.083
春雄,0.944,0.085
春風,0.667,0.085
昭文,0.824,0.085
昭明,0.923,0.087
昭男,1.0,0.079
昱成,1.0,0.086
晓冬,0.818,0.087
晓刚,1.0,0.088
晓博,0.4,0.081
晓岚,0.115,0.087
晓庆,0.257,0.087
晓楠,0.484,0.087
晓涛,1.0,0.085
晓涵,0.037,0.086
晓虹,0.0,0.087
晓雨,0.25,0.088
智光,0.955,0.086
智宇,0.976,0.088
智峰,1.0,0.085
智忠,1.0,0.085
智恩,0.333,0.086
智成,1.0,0.086
智揚,1.0,0.086
智暉,1.0,0.07
智清,1.0,0.081
智輝,0.907,0.088
智雄,1.0,0.087
智鴻,1.0,0.087
曉生,1.0,0.06
曉麗,0.0,0.087
曉龍,1.0,0.084
月琴,0.009,0.089
月華,0.042,0.089
有志,0.923,0.087
有為,0.971,0.087
朝陽,1.0,0.087
木林,0.87,0.086
杰雄,1.0,0.082
東升,1.0,0.082
東山,0.909,0.083
東憲,0.875,0.079
東成,1.0,0.087
東翰,0.957,0.086
東輝,0.929,0.084
林涛,0.909,0.086
林珊,0.0,0.075
柏嘉,0.955,0.086
柏宇,0.987,0.089
柏諺,0.967,0.087
栋梁,0.939,0.087
桂興,0.611,0.085
桂芬,0.052,0.089
桂荣,0.69,0.087
桂香,0.01,0.089
梅子,0.027,0.089
梅香,0.017,0.088
梓轩,0.897,0.088
梦秋,0.3,0.081
梦迪,0.077,0.086
梨花,0.059,0.081
楚君,0.051,0.088
樂恩,0.1,0.085
櫻子,0.0,0.079
次元,0.8,0.072
欣妍,0.0,0.087
欣平,0.273,0.082
欽一,1.0,0.045
正健,1.0,0.072
正凱,1.0,0.079
正吉,1.0,0.083
正平,0.879,0.084
正恩,0.923,0.087
正成,1.0,0.083
正日,0.5,0.075
正旭,1.0,0.081
正榮,1.0,0.083
正泰,1.0,0.081
正章,1.0,0.075
正良,1.0,0.08
正邦,1.0,0.083
武明,0.9,0.072
武男,1.0,0.082
水月,0.278,0.081
水清,0.587,0.088
永伟,0.981,0.088
永全,1.0,0.089
永和,1.0,0.089
永幸,1.0,0.067
永志,1.0,0.088
永涛,1.0,0.087
永裕,1.0,0.088
永輝,1.0,0.089
永鑫,0.974,0.088
江涛,1.0,0.088
沛晴,0.033,0.087
沛霖,0.717,0.088
治国,1.0,0.086
泰和,1.0,0.084
泰山,1.0,0.085
泰維,0.909,0.083
泰隆,1.0,0.081
泽一,0.714,0.077
泽阳,1.0,0.084
津津,0.19,0.088
流水,0.8,0.072
浩亮,1.0,0.083
浩俊,0.957,0.086
浩基,1.0,0.078
浩政,1.0,0.08
浩榮,0.967,0.087
浩正,1.0,0.085
浩田,1.0,0.083
海彬,0.953,0.088
海星,0.769,0.087
海東,1.0,0.085
海潮,0.795,0.088
海濤,0.967,0.087
海芳,0.0,0.087
海蘭,0.0,0.085
海龍,1.0,0.087
淑媛,0.01,0.089
淑惠,0.004,0.09
淑明,0.071,0.088
淑玲,0.006,0.089
淑美,0.0,0.089
淑蓉,0.0,0.087
淑貞,0.009,0.09
清吉,1.0,0.087
清奇,0.933,0.084
清富,1.0,0.077
清忠,1.0,0.083
清扬,0.818,0.082
清月,0.15,0.085
清木,1.0,0.083
清秀,0.108,0.088
清華,0.59,0.089
湘湘,0.021,0.088
漢強,1.0,0.088
澤華,0.733,0.084
炳全,0.97,0.087
炳宏,0.964,0.087
無名,1.0,0.072
焱焱,0.312,0.084
煥然,0.857,0.084
熊熊,0.474,0.085
燕敏,0.095,0.086
燕琴,0.059,0.087
燕華,0.014,0.089
玉仙,0.042,0.086
玉川,0.786,0.084
玉海,1.0,0.083
玉涛,0.941,0.085
玉珠,0.008,0.09
玉米,0.386,0.088
玉紅,0.0,0.086
玉美,0.007,0.089
玉超,0.733,0.084
玻璃,0.312,0.085
珊娜,0.0,0.085
珮綺,0.0,0.088
瑞惠,0.2,0.077
瑞昌,0.966,0.087
瑞明,0.912,0.089
瑞月,0.0,0.085
瑞珠,0.024,0.089
瑞琦,0.471,0.085
瑞聰,1.0,0.081
瑞雄,1.0,0.086
璐瑶,0.121,0.087
瓜瓜,0.583,0.088
皇志,1.0,0.075
皓平,1.0,0.074
盈如,0.0,0.086
睿杰,0.929,0.084
石磊,0.929,0.084
碧娟,0.021,0.088
碧珠,0.0,0.089
碧芳,0.034,0.088
碰碰,0.2,0.075
祐成,1.0,0.08
祥熙,1.0,0.084
福元,1.0,0.081
福明,0.984,0.089
福順,0.938,0.084
秀妹,0.031,0.089
秀婷,0.029,0.089
秀宜,0.111,0.085
秀峰,0.826,0.086
秀慧,0.011,0.089
秀文,0.135,0.088
秀蘭,0.004,0.09
秋梅,0.02,0.089
秋琴,0.0,0.087
秋風,0.727,0.082
立中,1.0,0.086
立军,0.933,0.088
立国,1.0,0.087
立平,0.657,0.087
立昌,1.0,0.083
立雄,1.0,0.086
竹林,0.643,0.084
笑天,0.895,0.086
紅梅,0.022,0.088
紅霞,0.0,0.087
素如,0.0,0.084
素清,0.0,0.088
素玉,0.019,0.088
素華,0.013,0.088
素香,0.043,0.088
紫彤,0.1,0.086
紹傑,1.0,0.077
紹銘,0.929,0.084
維軒,0.864,0.086
綺華,0.0,0.088
綺雲,0.0,0.088
绍辉,1.0,0.085
继东,0.929,0.084
继伟,1.0,0.083
美伊,0.0,0.081
美娇,0.0,0.089
美婷,0.006,0.089
美杏,0.0,0.084
美琳,0.0,0.088
美瑛,0.0,0.086
美花,0.028,0.088
美菁,0.0,0.087
美賢,0.03,0.087
群一,1.0,0.072
群芳,0.086,0.088
義勝,0.933,0.084
義宏,1.0,0.084
羿安,0.75,0.079
翊瑋,0.8,0.082
翊甄,0.1,0.081
翔天,1.0,0.081
翔雲,1.0,0.079
翠翠,0.013,0.089
耀偉,1.0,0.084
耀光,0.991,0.089
聖明,1.0,0.077
育哲,1.0,0.075
育如,0.0,0.087
育寧,0.182,0.082
育生,0.941,0.085
育華,0.462,0.087
育銘,0.95,0.088
脂肪,0.75,0.067
良富,1.0,0.084
艳芬,0.0,0.088
艾迪,0.92,0.087
芙蓉,0.013,0.088
若庭,0.111,0.081
英仁,1.0,0.075
英倫,0.875,0.079
英吉,1.0,0.08
英智,1.0,0.081
英豪,0.972,0.087
苹果,0.153,0.089
茂仁,1.0,0.077
茂生,0.957,0.086
莉華,0.0,0.085
菜子,0.263,0.085
菜菜,0.192,0.087
華英,0.091,0.087
華隆,0.909,0.082
蒙蒙,0.161,0.088
蔚然,0.455,0.083
蕙玲,0.0,0.083
蘭欣,0.0,0.08
蘭香,0.0,0.087
衛紅,0.19,0.086
裕仁,1.0,0.087
裕勝,1.0,0.08
裕成,1.0,0.081
裕輝,1.0,0.072
詠茹,0.0,0.08
詩婷,0.009,0.089
詩萍,0.042,0.086
誠誠,1.0,0.084
謙信,1.0,0.07
貴平,0.75,0.083
賢哲,1.0,0.077
賢明,1.0,0.085
賢良,1.0,0.072
赤城,1.0,0.045
軒豪,1.0,0.083
轩宇,0.917,0.083
辰光,1.0,0.077
逸倫,0.909,0.083
逸帆,0.929,0.087
逸朗,1.0,0.088
逸飛,1.0,0.083
達人,0.905,0.086
達明,0.969,0.089
邦和,1.0,0.06
郁智,0.833,0.077
采婕,0.0,0.085
采琳,0.0,0.083
重光,1.0,0.087
金丽,0.0,0.086
金亮,1.0,0.087
金德,1.0,0.088
金昌,1.0,0.086
金洋,0.818,0.083
金涛,0.9,0.085
金玲,0.029,0.088
金田,0.889,0.087
金銀,0.714,0.084
金龍,0.982,0.089
錦偉,0.95,0.085
錦華,0.859,0.09
錦龍,1.0,0.088
铁成,1.0,0.081
铭铭,0.579,0.086
長生,1.0,0.083
长江,0.966,0.087
雄偉,1.0,0.084
雅俊,0.667,0.07
雅敏,0.133,0.084
雨柔,0.023,0.088
雨璇,0.032,0.087
雨萌,0.19,0.086
雨軒,0.519,0.087
雨霏,0.114,0.087
雪妍,0.045,0.086
雪娟,0.0,0.088
雪平,0.325,0.088
雪琴,0.011,0.089
雪美,0.02,0.088
雪艳,0.0,0.084
雪花,0.063,0.089
雪茹,0.0,0.087
雪莲,0.025,0.089
雪華,0.02,0.088
雪蓮,0.0,0.088
雲龍,0.951,0.089
青峰,0.931,0.087
青松,0.985,0.087
青華,0.529,0.085
靖敏,0.0,0.082
静娴,0.0,0.082
静文,0.033,0.087
靜宜,0.02,0.089
順治,0.833,0.083
颖慧,0.0,0.084
風華,0.636,0.082
飛翔,0.92,0.087
飞扬,0.816,0.088
馨怡,0.0,0.088
骏杰,1.0,0.087
高翔,0.882,0.085
鳳凰,0.217,0.086
鳳琴,0.0,0.087
鴻毅,1.0,0.084
鵬程,1.0,0.084
麗君,0.005,0.09
麗娜,0.022,0.09
麗婷,0.0,0.088
麗敏,0.016,0.089
麗梅,0.009,0.089
麗燕,0.0,0.089
麗珠,0.005,0.09
麗純,0.0,0.084
龍輝,1.0,0.084